0.1,0.008668,-0.00848,0.017461,0.039293,0.0088986,-0.036115,-0.055611,0.13074,-0.026705,0.05328,-0.062755,-0.0039317,0.00044974,0.014681,-0.036106,-0.035946,-0.0017284,0.038706,0.074269,-0.089694,0.032531,-0.047213,0.023765,0.079829,-0.053678,-0.045967,-0.025722,-0.0030565,0.059464,-0.037943,0.029369,0.021103,0.018584,0.042182,-0.0058578,0.005796,0.017529,-0.031969,-0.0015122,-0.012213,-0.0056882,0.0046774,-2.2031e-16,6.515e-16,1.884e-16,2.2204e-16,4.4829e-16,-2.0752e-16,-2.8482e-17,0.015403,-0.013773,-0.0048856,0.0084254,0.017202,-0.00031383,0.011015,0.014236,-0.0063792,0.003786,-0.026619,0.012751,-0.0085344,0.0093937,-0.011149,0.017917,-0.018909,0.026306,-0.10488,-0.13693,-0.05692,-0.030722,-0.0099421,-0.013327,-0.014699,-0.020238,-0.045935,0.019628,0.019515,-0.052424,-0.093762,-0.04482,-0.29028,-0.050393,-0.070018,-0.13229,-0.1188,-0.045763,-0.044458,-0.047613,-0.13632,-0.8129,-0.094608,-0.099122,0.028944,-0.041024,-0.031138,0.11798,0.11581,0.039121
0.1,0.0005813,0.011996,0.024793,0.029679,0.038389,-0.030627,0.00069781,-0.012673,-0.026071,0.018608,-0.057758,-0.027295,0.0027904,0.0062647,-0.031697,-0.00078348,0.0077526,-0.011829,0.017229,0.01016,0.012824,-0.01056,0.0014111,0.014066,-0.01335,-0.019022,-0.012627,-0.018504,0.022921,0.0073227,-0.017067,0.0053397,0.005345,-0.0072774,0.0035099,0.0034401,-0.007053,0.032024,0.0007967,0.012775,0.0073481,-0.0071114,-2.5414e-16,3.5844e-16,-1.6724e-16,-2.2898e-16,-4.2033e-16,1.642e-16,5.7642e-17,-0.025448,0.019127,0.023418,0.018929,-0.0010479,0.022923,0.0059093,-0.0081303,0.019889,-0.022422,-0.0017029,-0.0078937,0.0088164,-0.00512,0.0034388,0.010434,-0.038983,0.0034709,-0.026058,-0.0050192,0.013349,0.0071402,0.0075702,-0.0012264,-0.0094761,-0.012985,0.0042945,-0.02692,-0.032211,-0.0077919,0.013624,0.019984,-0.021429,0.022966,-0.045685,0.029686,-0.0081504,0.0071735,0.01417,0.010217,-0.043309,-0.024298,0.011299,0.0070759,-0.046641,0.027252,0.0035897,0.0041756,-0.069535,-0.9754
0.1,0.060595,0.010267,0.051608,0.0038695,-0.0021035,-0.00069842,-0.01263,0.020467,-0.0032501,-0.025351,-0.025924,0.031566,0.0057874,-0.062741,-0.014719,-0.066637,0.033706,-0.032584,-0.0011162,-0.022908,0.011732,0.024543,0.0079641,0.0144,0.017642,0.0024635,0.011957,-0.0085446,-0.0022532,-0.024343,-0.0013832,0.044025,0.019114,-0.017145,-0.031279,-0.049247,0.0099904,0.002401,-0.0048086,0.012815,0.0097919,0.021548,3.1789e-16,2.6384e-16,1.7362e-16,2.6368e-16,3.6391e-16,-2.8704e-17,-5.3699e-16,0.02602,0.0061412,-0.021937,0.10766,0.013185,0.057564,-0.027185,0.015597,-0.001637,0.0089938,-0.036881,-0.0010507,0.0029215,0.026397,-0.0099422,0.016802,-0.028041,0.028785,-0.068694,-0.021738,0.034145,0.0086123,0.00043924,-0.020714,0.023437,-0.0082666,-0.0097529,-0.024532,0.012814,-0.0029225,-0.0087535,-0.028074,-0.14411,-0.010702,-0.013255,-0.021045,-0.0083111,0.010758,0.054461,-0.0010775,-0.15588,-0.049141,0.064106,0.10311,-0.22575,0.28075,0.28931,-0.80462,-0.018413,0.048295
0.1,-0.033947,-0.00060358,0.028781,-0.05866,0.035898,0.057144,-0.031864,-0.024377,-0.0071007,-0.035549,0.04199,-0.0091842,0.00056346,-0.034201,-0.022703,0.057037,0.0032495,0.087288,0.004907,0.015267,0.066871,0.021848,-0.039827,0.059853,-0.012165,-0.015907,0.058279,-0.043589,-0.025457,-0.013488,-0.034655,0.062641,-0.029133,-0.016113,-0.023079,0.011335,-0.00017313,-0.0043685,0.028093,0.00243,-0.004451,0.003478,1.3531e-16,-5.1977e-16,1.1359e-16,-4.8572e-17,1.9082e-17,-5.4297e-16,1.6647e-16,0.036185,0.021737,-0.0032403,0.020616,0.011716,0.010826,-0.014548,0.0028502,-0.015476,-0.029682,0.0046913,-0.0076592,0.00062806,0.0014289,-0.0049501,-0.00015826,-0.018295,-0.070488,-0.096857,0.057379,-0.0036051,-0.025348,0.024132,-0.021173,-0.060928,-0.0062036,0.0096006,0.017103,0.0022269,0.032503,0.057546,0.047376,-0.012937,-0.01772,0.038896,-0.12718,-0.12547,0.11129,0.1304,-0.14078,-0.19798,0.02599,0.50225,0.026267,-0.6607,-0.15942,0.0048568,0.25008,-0.020942,0.053176
0.1,0.036108,0.063082,0.048267,0.047359,0.067947,-0.051289,0.0026732,-0.0023946,0.037008,0.03702,-0.088979,0.047076,0.0036278,-0.069448,0.0026508,-0.016093,-0.02559,-0.037524,0.016696,-0.024698,0.0026733,0.031036,-0.021438,0.02854,0.019829,3.0538e-05,0.026354,-0.038161,0.013299,0.020691,-0.038279,0.0054422,0.06793,-0.10138,-0.022521,0.0033909,0.064911,0.022049,0.0083961,0.0070523,0.04203,0.0080889,1.2291e-15,2.5349e-16,9.4644e-16,-8.3961e-16,-4.8545e-17,-2.3202e-16,5.5612e-16,-0.1232,0.35742,-0.076077,0.66565,-0.032496,0.040491,0.33386,0.16295,0.3252,0.031839,0.061147,0.014329,-0.01311,-0.041594,8.0026e-05,-0.028609,0.06572,-0.0068443,0.009049,0.028908,0.037776,-0.071543,-0.018289,0.048604,0.010513,0.019926,0.0051325,0.060843,0.018868,-0.012827,-0.064702,-0.0020153,0.035353,-0.03767,0.029849,-0.078626,0.16539,0.073884,0.012048,0.00038736,0.039927,0.0065599,-0.01003,-0.014947,0.032377,-0.033404,-0.026126,0.069224,0.0057723,0.03524
0.1,0.054431,0.01565,-0.064874,0.012464,-0.012289,0.035584,-0.017136,-0.021732,-0.051492,-0.091214,-0.05846,-6.8823e-05,-0.0098858,-0.022447,-0.023274,0.014841,0.019702,-0.018533,-0.029254,-0.043717,0.033376,0.023012,-0.059128,-0.046146,-0.024496,-0.0086438,-0.096596,-0.0092829,0.026142,0.036959,-0.0078069,-0.028566,-0.028534,-0.021075,-0.013732,0.010983,-0.010977,-0.017028,0.007229,-3.9632e-05,-0.0020819,0.0089051,1.5613e-16,2.6324e-16,1.0533e-16,3.0531e-16,5.3462e-16,-4.597e-17,-2.7953e-16,0.0079745,0.0021283,-0.0098446,-0.00012308,0.016664,-0.025754,0.0026847,-0.010269,0.014542,0.00028659,0.028652,0.025152,0.020518,0.013876,0.0011867,0.00076411,-0.0085662,0.026545,-0.021445,0.050327,-0.030437,-0.017961,-0.047561,0.0035201,0.030352,-0.0024686,-0.019758,-8.4829e-05,-0.081983,0.018745,0.030464,-0.034073,-0.018178,0.10105,-0.12789,-0.072808,0.016064,-0.0314,0.070946,-0.10001,-0.15448,0.018377,-0.085756,0.45977,-0.0080975,0.71247,-0.13286,0.31221,-0.021474,0.051222
0.1,0.10398,0.018046,0.039691,0.079158,-0.019972,-0.0057295,-0.027421,0.020989,0.013595,0.10728,-0.029126,0.019811,0.035922,-0.082078,0.058626,0.01303,-0.067297,0.082812,0.12509,-0.10656,-0.039201,0.041597,-0.065743,-0.040798,-0.027198,0.084315,0.00682,0.0028027,-0.02767,0.012772,-0.0027837,0.027162,-0.012411,0.062625,-0.0030303,-0.032755,-0.045282,0.0048652,-0.011835,0.01597,-0.024862,0.006158,-6.7004e-16,-2.8921e-16,-1.8044e-16,5.2562e-16,-1.5876e-16,-1.7157e-16,-4.0204e-16,0.044307,-0.070258,0.0096034,-0.00093961,0.12619,-0.031955,0.02096,0.036835,0.036632,-0.010922,-0.0068825,-0.039323,-0.016831,0.020916,-0.0097057,0.023486,-0.048135,0.10785,-0.23139,-0.11653,0.092668,0.16514,-0.034475,-1.0063e-05,-0.11754,0.00055339,0.011276,0.033051,0.13104,-0.038012,-0.24058,-0.16719,-0.54876,-0.15362,-0.070383,-0.20257,-0.091359,-0.20528,-0.038569,-0.03366,0.11174,0.40326,-0.0038468,0.010533,0.045784,-0.053541,-0.030702,0.08066,-0.008029,-0.0057862
0.1,0.02308,0.12465,0.031656,0.070302,0.11167,-0.078047,0.017452,-0.01261,0.1024,0.078426,-0.083509,0.083353,-0.0019597,-0.067611,0.051001,0.03981,-0.084462,-0.018044,0.011128,-0.027196,-0.020332,0.034237,-0.042056,0.013388,0.024689,0.016602,0.037149,-0.02531,-0.0029586,0.043969,-0.029699,-0.042769,0.055288,-0.093819,0.0020226,0.049609,0.069158,-0.010531,0.012791,-0.018284,0.025776,-0.0062219,3.8511e-16,-1.8545e-16,6.5711e-16,-9.3849e-16,1.9925e-16,-2.8406e-16,5.2714e-16,-0.090649,0.18769,-0.040641,0.090956,-0.019827,-0.078235,0.008322,-0.018875,-0.082796,0.0060941,0.021001,0.0030174,-0.0061383,-0.0018961,0.0064569,-0.0073265,0.0163,-0.026395,0.083603,-0.011875,-0.10042,0.089477,0.020932,-0.057387,-0.035465,-0.022372,-0.0061503,-0.089771,-0.027435,0.044679,0.19751,0.014852,0.041064,0.12651,-0.05596,0.30709,-0.68508,-0.34254,-0.12371,-0.011054,-0.0060556,0.034529,-0.0050934,0.0027288,-9.8478e-05,0.0010038,0.0029272,-0.0079386,0.0057359,0.041039
0.1,-0.061429,-0.012062,-0.0038988,0.061809,-0.026642,-0.019884,-0.058203,0.057236,-0.029463,-0.011107,0.020807,0.042264,0.021849,0.0093179,-0.023233,0.014311,0.0052163,-0.0052771,-0.013157,0.019297,0.023157,0.035013,0.035902,-0.031373,-0.016713,0.023185,-0.020896,-0.015201,-0.012544,0.005742,0.017564,0.015076,0.002421,-0.012844,-0.013622,-0.032608,0.013309,0.0015844,-0.0012572,-0.0096206,-0.0052922,-0.01805,-3.9465e-16,-1.8144e-16,-3.3969e-16,3.4694e-17,-3.6582e-16,2.5658e-16,6.5314e-16,-0.01689,-0.0087539,0.037117,0.001937,0.014158,0.00070177,-0.0073757,0.018203,-0.014868,-0.027563,0.011164,0.016747,-0.014769,-0.016063,-0.00040384,0.0018176,0.00026592,-0.036966,0.0084241,-0.0014021,0.033628,-0.00020941,0.032986,-0.019836,0.027746,0.028358,-0.010679,-0.014579,-0.0080906,-0.015635,-0.052609,0.096335,-0.0030018,-0.016164,-0.053908,-0.039143,-0.017314,-0.066026,0.072157,0.0020035,-0.0015905,-0.10232,0.056299,0.043719,0.10834,-0.079477,-0.09305,-0.031868,-0.93537,0.075993
0.1,-0.028011,-0.037789,0.032677,0.012805,0.030938,-0.10903,0.0046028,-0.012765,-0.10347,-0.012641,-0.038965,0.074599,0.10298,0.086507,0.025514,0.0032703,0.044391,-0.052796,0.063927,0.045526,0.060965,-0.0039747,0.0034442,0.018914,-0.022444,0.043584,-0.023932,-0.017315,0.0026441,0.06482,-0.015753,0.044088,-0.092032,-0.0042918,0.039798,-0.019733,0.068812,0.051386,-0.031916,-0.0011363,0.0037115,-0.026929,-2.0513e-16,-5.4614e-16,-5.7148e-16,-3.9378e-16,-9.8507e-16,7.629e-16,1.3377e-15,-0.12678,0.045339,0.7041,0.095022,0.044497,0.055011,-0.21887,-0.06111,0.037636,-0.21872,0.04424,0.21481,-0.26807,-0.051754,0.030232,0.014641,0.042334,0.040188,0.017877,0.00085343,-0.02589,0.001435,-0.011302,-0.0016701,-0.02653,0.30326,-0.16991,-0.021319,0.053791,-0.0039655,0.024949,-0.039115,0.0090064,-0.00049897,0.021774,0.0022878,0.0051986,0.01529,-0.021481,-0.0085381,0.011148,0.020712,-0.0096252,-0.0063275,-0.0086621,0.0060408,0.0073366,0.0021482,0.070587,0.034212
0.1,0.079472,0.028576,-0.061839,-0.022018,-0.030016,0.091972,-0.0085492,-0.023767,-0.037968,-0.0075449,0.013023,0.025151,-0.035806,0.051206,0.053421,0.00501,-0.005302,0.08735,0.0048607,0.078032,0.036345,0.08681,-0.054572,0.026597,-0.016422,-0.032595,-0.012174,0.080453,0.06146,0.0056897,0.0049403,0.040842,0.050925,-0.044459,0.068542,-0.019441,0.001068,-0.0072313,0.00081482,0.0099458,-0.017234,0.0050793,-8.3267e-17,-1.1641e-15,-2.5313e-17,2.2898e-16,-3.5437e-16,-4.79e-16,-2.9757e-16,0.020755,-0.018518,-0.0084108,0.031577,0.11079,-0.0072494,-0.028184,0.04288,-0.012991,-0.0017531,-0.040568,-0.011752,0.0014825,-0.0024245,0.0016565,0.00083103,-0.032356,0.043086,-0.0027779,0.038718,0.0091856,-0.087446,-0.062123,-0.15132,-0.29383,0.0039174,0.028413,0.055415,-0.11759,0.104,0.17517,-0.049122,0.22787,-0.060533,-0.16051,-0.33386,-0.044599,-0.030989,0.00047272,-0.37963,-0.45389,0.13226,-0.22074,-0.16763,0.19637,-0.13858,0.018731,-0.074607,0.0056876,-0.0048661
0.1,0.041256,0.020804,-0.032357,0.035331,0.022165,0.0043775,-0.015439,-0.03402,-0.07958,-0.077544,-0.13222,-0.031768,-0.0086083,-0.020568,-0.075383,0.019641,0.040346,-0.045696,-0.019041,-0.054366,0.079628,0.02249,-0.11005,-0.068765,-0.081995,-0.06478,-0.28429,-0.074685,0.14795,0.14641,-0.096458,-0.10959,-0.13331,-0.17052,-0.071386,0.11902,-0.16291,0.17919,0.17604,0.35447,0.24998,0.11545,-0.09497,-0.043626,-0.25823,0.25749,-0.11243,-0.30807,0.34037,0.064988,-0.052589,-0.027971,-0.027935,-0.020457,0.0029971,-0.008273,0.017195,-0.028729,0.017991,-0.020931,-0.012209,-0.020555,-0.0059728,-0.0029262,-0.0066029,0.026836,-0.016169,0.021282,-0.019392,0.0071171,0.0043794,0.015485,-0.00087142,-0.0068546,0.0048456,0.0047409,0.0081312,0.032795,-0.0030027,-0.01068,0.0032349,0.0087608,-0.026478,0.035792,0.0085976,-0.0015096,0.0044918,-0.015277,0.015108,0.032212,0.00085417,0.0092954,-0.054576,0.0058134,-0.072163,0.01049,-0.024956,0.0059707,0.03535
0.1,0.03177,-0.08284,-0.036187,0.08607,-0.017583,0.11864,0.073972,0.010587,0.034464,0.011456,0.00095488,0.045005,0.018421,0.0092511,0.029438,-0.0056939,0.021539,0.033546,0.037877,0.036574,-0.0010829,-0.0065533,-0.0064403,-0.054907,-0.0091144,0.0018947,-0.032793,0.022685,-0.0019491,-0.08119,0.010763,-0.013871,-0.039658,0.0023199,-0.0070283,0.013035,0.0060027,0.0056172,0.0082934,-0.010392,0.021745,-0.0062312,3.3827e-16,6.2895e-16,1.1781e-16,-1.1102e-16,4.127e-16,3.6169e-16,4.3243e-16,-0.017821,0.014461,0.010607,-0.019916,-0.040652,-0.01267,0.027504,-0.0052678,-0.0045944,0.024646,0.037625,0.037377,0.0020346,-0.078886,0.011569,0.0036068,-0.0031091,-0.0014875,-0.027012,0.026068,-0.013956,-0.005037,0.033256,0.029539,0.01855,-0.049326,-0.080887,-0.078907,-0.032429,-0.063747,-0.0048886,0.052108,0.044432,0.0018297,-0.034574,-0.00088097,0.073081,-0.18112,0.16436,-0.0050416,-0.037002,-0.059472,-0.043376,0.73194,0.087094,-0.48952,0.11055,-0.056862,0.12675,-0.0092665
0.1,-0.063074,-0.10315,-0.041548,0.071945,0.024734,0.0088357,-0.0228,0.066195,0.026525,-0.055239,0.041397,-0.081374,-0.0378,-0.023555,0.09936,-0.0022362,-0.00655,-0.034083,0.017542,0.01036,-0.001211,-0.0083699,-0.025915,0.0055813,0.047045,0.0075664,0.0020843,0.028392,0.0072967,0.013476,0.055588,-0.053197,-0.002805,0.042181,-0.0016504,-0.021941,0.056696,0.038203,0.044295,0.0016614,-0.0079951,0.0046913,-2.7235e-16,-6.3751e-17,-2.8229e-16,1.1449e-16,-4.6286e-16,-3.3036e-16,-2.2747e-16,-0.00022679,-0.0015546,0.012081,-0.013058,-0.018802,-0.0045594,0.039104,0.0538,-0.042722,0.12809,0.032176,0.063091,-0.093702,-0.027948,-0.081602,0.096536,-0.0094326,-0.006338,-0.060535,-0.11839,-0.10756,-0.079958,0.040197,0.0051788,0.024102,0.078823,0.11877,-0.062875,-0.031109,-0.035131,-0.010897,0.11892,0.10862,-0.08541,0.025031,0.0018988,0.11714,-0.4803,0.63646,-0.00061887,0.094602,0.0087232,-0.06588,-0.25029,-0.09721,0.098121,-0.11399,-0.021771,0.088874,-0.0030487
0.1,-0.079922,-0.071159,-0.018706,0.14172,-0.0078559,-0.045665,-0.15826,0.30003,-0.06572,-0.032093,0.043047,0.023783,0.039374,0.060526,0.034686,-0.022959,-0.027266,0.032584,-0.093677,0.026988,-0.12821,-0.066977,-0.10454,0.026962,0.042238,-0.031106,0.046932,0.01877,0.0024033,-0.0031327,-0.040231,-0.01525,-0.0046778,0.0071109,0.016726,0.03854,-0.01972,-0.0020215,0.00029578,0.010183,0.0055546,0.018264,-4.108e-16,2.0506e-16,-1.7368e-16,3.0401e-16,5.8375e-16,-5.7509e-16,-1.3704e-15,0.015357,0.0042769,-0.025865,-0.0024168,-0.010033,-0.002004,0.022283,0.012151,-0.0098327,0.073764,-0.0052011,0.026059,-0.0413,0.0017705,-0.054758,0.075711,-0.021107,0.048972,-0.26048,-0.48903,-0.44554,-0.32639,0.024528,0.054206,0.02268,-0.072578,-0.12239,0.047944,0.0076535,0.071826,0.048174,-0.01575,0.086761,0.057114,0.0093373,0.043863,-0.0017323,0.16594,-0.17621,0.01356,0.010799,0.16685,0.030301,0.056901,0.012671,-0.0090127,0.012797,-0.0096231,-0.024972,-0.0012573
0.1,-0.11527,-0.007995,-0.00043206,-0.049652,-0.089019,0.02646,-0.14297,-0.10799,0.098183,0.024093,-0.1333,-0.037552,0.074386,0.079836,0.022609,-0.074869,-0.047519,-0.026931,-0.041882,0.015028,-0.05423,-0.057307,0.022408,-0.04669,-0.067222,0.056168,-0.007884,-0.044642,-0.0058378,-0.032903,0.028029,0.034482,0.0043618,-0.021232,0.023143,0.0013459,0.0059435,0.0007462,0.015687,0.0033292,-0.0058358,0.0030159,-2.2291e-16,-7.9608e-16,2.2428e-16,-2.5284e-16,-5.1933e-16,-3.1724e-16,-1.8471e-18,0.0013796,-0.0062873,0.0036388,0.012402,-0.0097786,-0.0063695,-0.0092611,0.028903,0.0023246,-0.019828,-0.008672,0.0046379,-0.0040369,0.0048464,-0.00047364,0.0043454,-0.031339,0.023893,0.023581,-0.024005,0.00082744,0.024281,-0.0030648,-0.072936,0.0081638,0.00032739,-0.0025833,-0.0041258,0.0093407,-0.047972,-0.04941,0.53734,-0.042477,-0.31941,-0.59912,0.14865,-0.047764,0.21886,0.028998,-0.0072611,0.064097,0.052342,-0.016944,-0.017788,-0.0048435,0.0086605,0.020266,0.0054557,0.091145,0.040969
0.1,-0.11774,0.014346,0.01775,0.015958,-0.11694,0.0093215,-0.062775,0.01231,-0.034368,-0.013023,0.084558,0.063877,0.049616,-0.046595,-0.096758,0.074666,-0.088369,0.0034989,0.044893,0.059555,0.20823,0.12066,0.1012,-0.032978,0.048332,0.069544,0.07811,-0.090097,0.06134,-0.02803,0.020451,-0.054827,0.0064629,0.02619,0.033819,0.047795,-0.018344,-0.00077243,-9.4996e-05,0.010665,0.00571,0.018867,1.4745e-16,1.9472e-16,-3.8951e-16,-2.047e-16,4.024e-16,5.1391e-17,-6.5188e-16,0.019608,0.012999,-0.013932,0.007831,0.049302,0.051204,0.024674,-0.064384,-0.045347,-0.014814,0.032863,0.0043151,-0.0092491,-0.0081518,0.00012996,-0.032641,0.084116,-0.57649,-0.41458,0.19046,-0.061999,-0.022063,-0.175,-0.26372,-0.018088,0.00062777,0.036745,-0.006294,0.13345,-0.0025088,0.03829,0.21435,-0.04934,0.15871,0.08963,-0.030445,0.047251,-0.037021,-0.082714,0.04493,0.053286,0.016302,-0.098447,-0.010367,0.078047,0.028901,0.007305,-0.021318,0.068798,-0.0052589
0.1,0.064579,0.056513,-0.07005,0.030668,-0.078557,0.058138,-0.022962,-0.029912,-0.12554,0.094653,-0.0022787,-0.0094436,0.038498,-0.076461,0.066027,0.073868,-0.0098226,0.030355,0.054234,-0.019016,-0.047146,0.040873,-0.0093964,0.0087803,-0.01381,-0.0045677,0.02497,0.06442,0.0012544,0.041112,0.070233,0.049458,0.011345,-0.020728,0.021525,-0.017147,-0.046715,0.0079166,-0.0062284,-0.011011,-0.02714,0.013686,4.4235e-17,-1.0829e-15,-2.2255e-16,4.3021e-16,-1.0446e-16,-3.9243e-16,-9.6794e-16,0.064124,-0.081866,-0.013761,0.046806,0.60829,-0.20476,-0.039673,0.14809,0.042622,0.052917,0.010682,0.016287,0.03182,-0.023629,0.0093847,0.012215,-0.027487,0.19221,-0.047445,0.10761,-0.041594,-0.025217,0.017455,-0.066448,-0.27438,-0.045611,0.052381,-0.06131,0.33395,-0.098838,-0.049263,-0.01487,0.2211,0.068623,0.041216,0.26525,0.050213,0.085986,0.042427,0.10463,0.079504,-0.12295,0.039,0.038182,-0.031876,0.033564,-0.00094031,0.0020036,-0.0054079,0.00072478
0.1,-0.071197,0.032132,-0.024692,0.036786,-0.15897,0.052974,-0.032537,-0.050261,-0.12226,0.17046,0.071699,0.08225,-0.043498,-0.07548,0.016676,0.10047,0.051605,-0.086381,0.026916,-0.024141,0.0043987,-0.07774,-0.023065,-0.0061734,0.045616,-0.03115,0.0085205,0.049979,-0.0079948,0.089328,0.1368,0.090279,0.022961,-0.037747,-0.015909,0.023591,-0.052258,0.041481,-0.0034435,-0.042216,-0.0083247,0.010267,3.2786e-16,-1.2657e-15,-1.4354e-16,-7.8063e-17,6.5779e-16,-9.194e-17,-4.48e-16,0.02807,-0.029226,-0.0043997,0.028485,0.35052,-0.064993,0.0012312,0.021884,-0.02406,0.007897,0.026983,0.036494,0.01426,-0.028484,0.0056514,-0.023184,0.066623,-0.28047,0.31409,-0.30345,0.24374,-0.090751,0.2473,0.1865,0.17742,-0.012261,-0.05763,-0.06869,-0.2071,0.029932,0.093866,0.23677,-0.14738,0.12328,0.090865,-0.16531,0.00040088,-0.033133,-0.07413,-0.020386,-0.018147,0.051181,-0.019665,-0.015603,-0.0098655,0.0069553,0.0084836,0.0023802,0.072257,-0.0031356
0.1,0.10302,0.10937,-0.18003,0.0039919,-0.04066,0.0429,-0.0018663,-0.037036,-0.22681,0.0077375,-0.062157,-0.15423,0.15211,-0.10673,0.051478,0.082094,-0.0053357,-0.0029028,-0.014149,0.0029006,-0.12319,0.053712,0.11966,0.042032,-0.035991,-0.031656,0.056368,0.019572,-0.02287,-0.013131,0.019617,-0.048886,-0.036811,-0.025322,-0.0034715,-0.007766,-0.0021294,-0.02262,0.001723,-0.0061174,-0.0044312,0.0060809,2.7235e-16,1.8323e-16,2.4841e-17,4.4843e-16,2.1914e-16,1.0452e-16,-5.4646e-16,0.017875,-0.01264,-0.017637,0.0029813,0.16475,-0.11195,-0.032141,0.03612,0.034582,0.045505,0.028078,0.024131,0.019318,-0.0026264,0.0063325,0.002582,0.0075958,0.15714,-0.06892,0.34506,-0.32892,0.024932,-0.16087,0.0068299,0.52082,0.062035,-0.048154,0.061221,-0.3013,0.066953,0.076373,0.014569,-0.089116,-0.093299,0.022589,-0.098137,-0.027219,-0.02239,-0.039303,0.021111,0.031125,0.019609,0.0098564,-0.07755,0.0040999,-0.091765,0.013194,-0.029827,0.0016989,-0.003711
0.1,-0.032456,-0.02707,-0.0093058,0.013751,-0.0070902,0.090188,0.00075032,-0.065148,-0.080963,0.18795,0.040038,0.069397,-0.13307,0.0081212,0.024388,0.026614,0.12945,-0.036688,-0.056208,-0.011058,-0.012003,-0.057656,-0.020308,-0.0035076,-0.016323,0.014665,-0.0022535,-0.07184,-0.0056772,-0.046402,-0.05809,-0.059212,-0.014879,0.028832,0.014457,-0.011174,0.044452,-0.034329,0.0033437,0.039876,0.0086229,-0.0098781,-5.5164e-16,7.9515e-16,-3.2632e-16,-1.5613e-16,-1.0909e-15,2.7365e-16,2.0462e-16,-0.021778,0.018832,0.015474,-0.019533,-0.11602,0.029141,0.013375,0.0014936,0.013027,0.029847,0.030152,-0.0082536,-0.012982,-0.016547,0.013075,0.0084672,0.0085439,0.075766,-0.23259,0.2217,-0.068996,-0.011109,0.22867,0.15985,-0.19532,-0.13332,-0.16518,-0.48637,-0.26997,-0.33218,-0.060908,0.032829,0.035776,-0.021712,-0.026827,0.024211,0.15432,-0.13524,-0.25575,-0.0048801,-0.042397,0.022683,0.059509,-0.14269,-0.021635,0.064553,-0.015735,0.0074007,-0.0037138,0.042843
0.1,-0.0052485,0.0026998,-0.055519,0.062267,-0.033062,0.013864,-0.07076,0.035107,-0.083059,-0.10928,-0.042836,0.048987,0.014514,-0.016687,-0.063775,0.040732,0.036619,-0.035835,-0.067154,-0.039563,0.097436,0.1048,-0.044286,-0.16616,-0.08928,0.034049,-0.30581,-0.065807,0.041006,0.14118,0.037836,-0.063649,-0.15012,-0.204,-0.19102,-0.17845,0.021073,-0.18454,0.13099,-0.26887,-0.35004,-0.58866,-9.1524e-15,-5.9041e-15,-5.3681e-15,1.0773e-15,-1.2301e-14,2.1714e-15,1.7576e-14,0.033159,0.016393,-0.056203,-0.0026945,-0.040377,0.026527,0.0045158,-0.0074148,0.0002717,0.02217,-0.030924,-0.02964,-0.0040287,0.0014921,-0.00049528,-0.0015223,0.0046846,0.0056137,0.0058337,-0.02094,-0.0013293,0.0073539,0.0056439,0.0061987,-0.019077,-0.0081176,0.0093316,0.0044154,0.025868,-0.00085273,0.0053646,-0.014295,0.0046849,-0.018123,0.037488,0.022321,0.0002386,0.018064,-0.025685,0.01649,0.025418,0.01211,0.0036774,-0.05886,-0.010645,-0.061751,0.018332,-0.022113,0.062775,-0.004866
0.1,0.10226,-0.06477,0.069286,-0.087734,-0.026982,-0.083923,0.022065,0.01707,0.0054052,-0.019308,-0.0096797,0.021235,0.026205,0.021468,0.013015,0.041275,0.062159,-0.10034,0.029408,0.072099,-0.015811,0.013322,-0.021604,0.055854,-0.010021,0.048045,-0.0044657,0.01048,-0.010983,-0.053368,-0.005999,-0.027391,0.084935,-0.0093573,-0.042091,-0.0044673,-0.062064,-0.023601,0.031012,0.0023572,-0.0020897,0.0027913,1.8908e-16,3.7329e-16,5.7867e-17,1.8388e-16,-6.9904e-17,-1.8057e-16,-1.2899e-17,0.025331,0.0016176,-0.098509,0.050742,0.013124,0.092567,-0.1547,0.013384,0.0088473,0.018252,0.060298,0.025951,0.018221,-0.0059751,0.0025436,0.0035663,-0.021655,0.010458,-0.013325,-0.032379,0.016224,0.015756,-0.043535,-0.056089,-0.10057,0.068516,-0.056981,0.053312,-0.20181,-0.0043882,-0.090399,0.037455,-0.12835,0.043796,0.06553,0.16016,-0.018442,0.08439,0.15576,0.63241,-0.50633,0.1067,-0.044524,-0.053877,0.077251,-0.06126,-0.03106,0.10357,0.0083883,0.044413
0.1,-0.066219,-0.069897,-0.019987,0.010934,0.081883,-0.052611,0.020367,-0.07443,-0.04266,0.019128,0.056681,-0.021157,-0.075051,-0.0090391,-0.039626,-0.027232,-0.021701,0.039465,-0.040227,-0.027158,-0.024131,0.025049,0.035747,0.0065265,-0.014233,0.040666,-0.0099682,0.0035781,0.009499,-0.040229,-0.064053,0.00094739,0.0089866,-0.01302,0.004035,-0.0085218,-0.020686,0.014707,-0.0027328,-0.032988,-0.0092401,0.0092954,5.5229e-16,-4.9535e-16,2.8305e-16,4.0939e-16,1.0241e-15,-4.5431e-16,-5.6701e-17,0.015452,-0.0045853,-0.029054,0.0070862,0.023029,-0.019116,-0.033895,-0.057285,0.026313,-0.10478,-0.027591,-0.0022398,0.039022,-0.046922,-0.039705,0.0046724,0.010832,-0.0049848,-0.0088188,-0.0090751,0.024831,-0.047451,-0.048069,0.031361,0.0061909,0.0018942,0.0094675,0.018674,0.026764,0.031046,-0.0023424,0.049889,0.011583,-0.064654,0.046536,-0.032159,-0.047336,-0.027448,0.072621,-0.04607,-0.060125,-0.038733,0.69853,0.011407,0.54501,0.089013,-0.21085,-0.12465,0.14959,-0.013506
0.1,-0.042298,-0.099126,-0.016562,-0.10589,-0.014802,-0.015957,0.04487,0.0073394,0.035131,-0.027603,0.0048341,-0.0021829,0.0044532,-0.080765,-0.00074608,0.023485,-0.04426,0.032672,-0.037622,0.00018882,-0.019507,-0.0064273,-0.042422,0.034503,-0.0063929,-0.032452,-0.033063,-0.0255,-0.042402,-0.0038282,0.03556,-0.027184,0.0073796,0.01626,0.024414,-0.0078422,0.012925,0.010929,-0.020885,-0.002008,0.0030613,-0.0036556,-1.9559e-16,1.7073e-16,1.2529e-16,-4.1633e-17,-2.3663e-17,-1.6046e-17,3.4859e-16,-0.016815,-0.0056947,0.021799,-0.017639,-0.018023,-0.025757,0.034268,0.013594,-0.010435,0.056054,-0.013302,0.0036024,0.023281,-0.053983,-0.0073146,0.029768,0.0023074,0.010517,-0.00054955,-0.00079997,0.0022133,-0.0084562,0.014455,0.018695,0.005239,0.068238,0.052223,-0.027767,0.031003,0.060167,0.00047981,0.0090372,0.0072821,-0.0058751,0.0093916,-0.003623,0.032039,-0.080465,0.023177,0.0026768,0.0073368,-0.014963,0.13205,-0.086692,0.19967,0.098875,0.86299,0.28658,-0.064265,0.0017986
0.1,0.022049,-0.11053,-0.0077448,-0.012241,-0.025727,0.081691,0.095052,0.037324,0.069845,-0.049779,-0.031975,0.11347,0.048925,-0.29328,0.023767,-0.23652,0.12714,0.10776,-0.031419,0.12398,0.0025798,-0.12422,0.088077,-0.015456,-0.03222,0.027106,0.028502,0.019594,0.030374,0.082594,-0.015634,-0.047533,-0.016963,0.017437,0.034424,0.056262,-0.013779,-0.0041632,0.0056521,-0.012847,-0.010541,-0.021737,2.8623e-16,-1.5011e-16,1.3818e-16,-2.3939e-16,-5.4535e-16,6.7871e-16,5.3789e-16,-0.029528,-0.0020938,0.030135,-0.10897,-0.049103,-0.08917,0.09519,-0.0072297,-0.021486,0.12601,0.10829,0.14203,0.085052,-0.69791,0.20319,-0.22084,-0.072433,0.020386,-0.0041007,-0.038059,0.026374,0.015926,-0.039775,-0.044805,-0.009372,-0.011464,0.013131,0.049152,0.0023265,0.0011708,0.00079298,-0.021624,-0.025333,0.00050729,0.0061618,8.0699e-05,-0.026341,0.062636,-0.040473,0.00045729,0.00085987,0.011637,-0.011717,-0.085139,-0.037395,0.045671,-0.084509,-0.025277,-0.0044927,0.00037104
0.1,-0.061072,-0.16248,-0.056278,0.056634,0.048139,0.059389,0.12684,0.0077547,0.07466,-0.012887,0.061881,-0.087519,0.014863,-0.0010024,-0.025284,0.012158,-0.065471,-0.032976,-0.10889,-0.082116,-0.041987,0.038898,0.0087987,0.1517,0.049064,0.16505,-0.025051,0.070525,0.055683,0.06201,0.10761,0.028892,-0.023546,0.0045579,-0.011274,0.018224,0.01706,-0.020774,0.0020891,0.035672,0.010094,-0.0097232,-8.2876e-16,4.6453e-16,-8.6933e-17,-5.5858e-16,-8.2117e-16,2.9582e-16,1.0454e-17,-0.011028,-0.0016323,0.024483,-0.017644,-0.027704,-0.009719,0.066175,0.081949,-0.066719,0.23936,0.042562,0.096386,-0.13113,-0.088906,-0.13653,0.54825,0.035535,-0.034891,0.048068,0.045002,0.064118,0.02868,-0.030374,-0.019676,-0.0068681,0.22086,0.43751,-0.08309,-0.080213,-0.12201,0.0043751,-0.061156,-0.051912,0.037462,-0.014431,-0.0029659,-0.050714,0.17601,-0.19651,-0.0032733,-0.03176,-0.0020899,0.0024856,0.070147,-0.0046143,-0.030325,-0.074543,-0.026624,-0.00041325,7.9513e-05
0.1,0.20876,-0.044484,0.16819,-0.016481,-0.07153,-0.12176,-0.060073,-0.01708,0.061547,0.049227,0.11931,-0.11839,0.0949,-0.044398,-0.039409,-0.052963,0.12795,-0.10506,-0.1281,-0.022921,0.084087,0.057737,-0.081049,-0.036228,-0.049558,-0.012145,0.053968,0.097761,0.0018481,-0.15053,0.025097,-0.019201,0.037574,-0.061044,-0.083498,0.066244,0.038227,0.019591,-0.023717,0.016043,-0.028413,0.0060814,-1.4017e-15,4.2891e-16,2.7434e-16,-5.0307e-17,-5.5582e-16,-2.1684e-18,-9.3654e-16,0.023308,0.01111,-0.088392,0.13928,-0.00090074,0.24308,-0.39773,0.059145,-0.062442,0.17059,-0.061676,0.46224,0.32309,0.049436,0.011651,-0.010327,0.022707,0.020732,-0.10685,-0.051845,0.051265,0.15469,0.015796,0.088608,0.058436,-0.023356,0.032855,-0.005637,0.05466,0.016329,0.043818,0.0032995,0.10102,-0.0058857,-0.011284,-0.032584,0.0084279,-0.019885,-0.047798,-0.13238,0.13313,-0.01205,-0.0028456,-0.0066477,0.017866,-0.023945,-0.022954,0.060389,0.00073453,-0.0036306
0.1,-0.021263,0.02282,0.023042,-0.12115,0.027083,0.12509,-0.061599,-0.0071045,0.0051518,0.10581,-0.025042,0.018193,-0.063396,0.10202,0.057792,-0.071337,0.022726,0.024885,-0.060149,0.032204,0.020669,0.11564,-0.01328,0.042962,-0.031302,-0.023576,0.053293,-0.004199,-0.010183,0.065129,-0.014536,-0.053321,-0.025497,0.054767,-0.070034,0.0087232,-0.004872,0.0055046,-0.010118,-0.007863,0.012101,-0.003956,-1.1796e-16,1.2073e-15,-8.9541e-17,9.1073e-17,5.331e-16,3.992e-16,4.1336e-16,-0.016338,0.024829,-0.00027778,-0.049656,-0.032408,0.022303,-0.012874,-0.014013,0.031792,0.020371,0.062075,-0.030022,-0.012128,-0.01539,-0.0014514,-0.0039289,0.10594,0.01252,-0.1972,0.1821,0.013663,-0.072907,0.30889,0.23473,-0.068165,0.00068972,0.0037874,-0.045953,-0.012058,0.12136,0.052626,-0.035696,-0.091626,0.01501,0.14714,-0.10732,-0.36095,0.43626,0.38707,-0.0036364,0.1869,0.0029337,-0.16646,0.019663,0.1506,0.016166,0.013592,-0.027411,0.0023195,-0.0042439
0.1,-0.071322,-0.085971,-0.020074,0.074514,0.10636,-0.060377,-0.00031057,-0.021173,-0.043763,-0.024485,0.062077,-0.20406,-0.19331,-0.06343,0.18142,-0.097785,-0.11178,-0.14842,0.099296,0.076044,0.093438,0.0024861,0.032055,-0.048086,-0.10545,-0.043042,0.014089,-0.046655,-0.03232,-0.0058135,-0.051314,0.069791,0.00039215,-0.048141,0.00068152,0.026103,-0.061141,-0.046314,-0.046419,-0.00097127,0.0082116,-0.004801,4.7358e-16,-2.6108e-16,6.4953e-16,7.6762e-17,6.0593e-16,4.9982e-17,3.2664e-17,-0.0020568,0.0059898,-0.011855,0.025057,0.030137,0.0077476,-0.071038,-0.13382,0.12871,-0.39715,-0.11099,-0.18643,0.41485,-0.15255,0.29593,0.39352,0.11005,-0.005981,0.0098921,-0.040268,-0.084291,0.007457,0.046906,-0.022495,0.0065219,0.019089,0.011585,-0.00529,-0.0015888,-0.013853,-0.0048244,-0.013619,0.010265,0.006758,0.0011831,0.00074713,0.019214,-0.016344,0.0062484,0.0074867,0.023875,0.011109,-0.10429,-0.0064194,-0.061216,-0.011656,0.017613,0.010239,-0.0052357,0.039386
0.1,-0.041175,-0.031004,0.01734,0.048353,0.1151,-0.088267,0.019299,-0.097444,-0.10065,0.066349,-0.090089,-0.11442,-0.11272,0.01006,-0.32073,-0.091411,-0.012119,0.061683,0.088983,0.19113,-0.075323,0.018157,-0.10422,-0.074949,0.080152,0.025037,0.04551,0.049144,-0.0603,0.0043395,0.056225,-0.0089781,-0.0098493,0.013215,-0.0054889,-0.0032684,0.011542,-0.039519,-0.00074389,-0.012515,-0.0074689,0.007191,3.9205e-16,-2.4351e-16,-1.9222e-16,3.296e-16,6.979e-16,-2.5609e-16,1.5487e-16,0.019021,-0.010678,-0.020926,-0.0011605,0.015099,-0.018363,-0.03645,-0.066874,0.046558,-0.18711,-0.057189,-0.015488,0.15228,-0.22458,-0.7408,-0.084262,0.029645,0.01065,0.029594,0.013151,-0.033136,0.040521,0.036336,-0.024438,0.00010115,0.0037423,-0.0063652,6.9542e-05,-0.0017329,-0.010696,-0.0027658,-0.020886,0.0015474,0.013425,-0.0028196,0.0021989,0.013313,0.005134,-0.019182,0.0078685,0.019363,0.010286,-0.10289,-0.002374,-0.06057,-0.012412,0.018462,0.010415,-0.0059688,0.037904
0.1,-0.09546,-0.17486,-0.061567,0.056645,0.11042,0.0059848,0.13826,-0.06593,0.032832,0.0066654,0.13488,-0.12617,-0.07302,-0.012763,-0.089012,-0.021062,-0.12811,0.0097651,-0.23611,-0.17703,-0.11396,0.11549,0.084939,0.33917,0.075464,0.48169,-0.09115,0.19917,0.19656,0.072013,0.16891,0.1408,-0.083698,-0.050893,-0.050553,0.080066,-0.032762,-0.072495,-0.014121,0.07468,0.040541,-0.027537,-2.8059e-16,9.2236e-16,-1.609e-16,-1.0443e-15,-5.2009e-16,1.0624e-15,2.9237e-17,-0.016452,0.015383,0.0094199,0.015684,0.0061238,0.030534,-0.031075,-0.02305,0.033714,-0.10939,-0.011627,-0.066598,0.064539,0.092654,0.11149,-0.32603,-0.026169,0.021481,-0.017584,-0.015377,-0.037048,0.007597,0.030375,-0.0044396,0.00022238,-0.069846,-0.13703,0.019396,0.01535,0.024936,-0.00049241,0.0025871,0.0089206,0.0058053,-0.0066204,0.0070031,0.018706,-0.027545,0.022237,0.0083024,0.014964,0.0058895,-0.087517,-0.0095339,-0.057391,-0.0057252,0.023159,0.011932,-0.009787,0.00051357
0.1,-0.074,-0.072968,-0.023647,0.020695,0.063518,0.033182,0.019834,-0.13802,-0.12684,0.22116,0.11003,0.056006,-0.25249,-0.0011665,-0.020897,-0.00086311,0.15834,0.0041791,-0.1527,-0.061913,-0.062278,-0.05889,0.029439,0.0064711,-0.066202,0.12956,-0.031811,-0.18347,0.011525,-0.28643,-0.47365,-0.27492,-0.033876,0.0951,0.12913,-0.16253,0.21473,-0.23447,0.0134,0.19169,-0.0293,-0.037505,-2.5778e-15,2.2942e-15,-7.8922e-16,2.8233e-16,-5.5881e-15,5.6379e-18,4.2522e-16,0.02353,-0.035249,0.027986,0.01849,0.12182,-0.010615,0.019753,0.052141,-0.032825,0.0609,-0.001989,0.007423,-0.018247,0.043295,0.016847,-0.0077478,-0.010936,-0.038128,0.10816,-0.091008,0.018394,0.0237,-0.069934,-0.072647,0.062101,0.041209,0.047739,0.14082,0.069844,0.08255,0.015323,-0.018992,-0.010475,0.018439,-0.0040641,0.0015845,-0.02041,0.030164,0.032869,0.0085728,0.016696,0.0023156,-0.094636,0.015348,-0.055583,-0.014981,0.018387,0.0092484,-0.0095705,-0.0011221
0.1,0.1018,-0.048758,0.0028291,0.13852,-0.031894,0.099704,0.043722,0.031223,0.049308,0.12681,-0.032049,0.075249,0.065929,-0.092564,0.12076,0.010251,-0.067244,0.17512,0.25805,-0.11339,-0.069431,0.063289,-0.13764,-0.20515,-0.078673,0.20186,-0.067605,0.068507,-0.089318,-0.22621,0.030944,0.062716,-0.29933,0.3906,-0.070242,-0.16273,-0.3549,0.12526,-0.077686,0.15527,-0.14794,-0.004709,-4.4027e-15,1.2442e-15,-2.4843e-15,1.988e-15,-3.6554e-15,1.3141e-15,-2.1086e-15,-0.098505,0.13805,-0.041649,0.03098,-0.11206,0.047254,-0.046654,-0.029502,-0.026732,-0.011154,-0.023877,0.0013764,0.010368,0.039544,-0.0011787,-0.015975,0.028922,-0.057298,0.11577,0.038717,-0.032784,-0.064796,0.00047187,-0.011219,0.032505,0.015293,0.021341,0.013807,-0.028318,0.027895,0.059466,0.026423,0.11155,0.032407,0.021643,0.040564,0.003487,0.071642,-0.022577,0.0065119,-0.012171,-0.049598,0.0058955,-0.086797,-0.014112,0.052978,-0.0064792,-0.0018772,-0.0077887,0.00057577
0.1,0.19859,-0.04575,0.05067,0.019415,-0.085335,0.044628,-0.015085,-0.049475,-9.7268e-05,-0.10578,0.014917,0.07052,-0.11978,0.10683,0.01986,0.043855,-0.079178,0.04017,0.04558,0.094085,-0.066456,-0.057908,0.098963,0.066817,0.057382,0.00047306,-0.021227,-0.037637,-0.0043918,-0.0051175,0.0013625,-0.0041385,0.041504,-0.036074,-0.052586,0.025736,0.016609,0.0066047,-0.016569,0.013737,-0.025321,0.0064613,-2.3159e-16,-7.6057e-17,7.293e-17,-6.5919e-17,-4.3216e-16,-4.0213e-16,-6.4969e-16,0.016484,-0.0036083,-0.037873,0.055925,0.034173,0.090238,-0.15233,0.042566,-0.036297,0.049827,-0.15065,-0.085564,-0.064114,-0.065994,0.012129,-0.014367,0.014573,-0.0069071,0.080678,0.054965,-0.047869,-0.12028,-0.054271,-0.12208,-0.36156,0.077712,0.00071379,0.16392,-0.47024,0.27682,-0.21644,0.063944,-0.091886,0.021157,0.088274,0.13772,0.050556,-0.040096,-0.058916,-0.10474,0.3552,-0.077421,0.058655,0.060453,-0.047913,0.025262,0.0053128,-0.011188,-0.00054578,-0.0015849
0.1,0.22363,-0.020758,0.14849,0.073408,-0.077624,-0.076457,-0.082033,-0.055623,0.054808,0.081836,0.10904,-0.1169,0.021428,0.014456,-0.0090423,0.0060807,-0.046872,0.077195,-0.021761,-0.030323,-0.0046267,-0.029033,0.023405,-0.021332,0.012609,-0.016827,-0.028146,-0.048576,0.0033572,0.11473,-0.015053,0.010744,-0.048001,0.053613,0.080335,-0.050734,-0.027765,-0.01604,0.021392,-0.015991,0.02764,-0.0063636,1.2203e-15,-6.4605e-16,-3.6811e-16,1.3791e-16,1.9855e-16,-1.1663e-16,5.7655e-16,-0.014083,-0.010649,0.052024,-0.063284,0.021146,-0.11407,0.19275,-0.023704,0.056231,-0.088717,0.068992,-0.15675,-0.095974,0.014271,-0.012651,0.032682,-0.079706,0.085078,-0.37005,-0.23647,0.24211,0.46769,-0.062536,0.089888,0.0707,0.05243,-0.0081391,0.057765,-0.24035,0.11473,0.11266,0.085777,0.27529,0.059337,0.054143,0.074079,0.038725,0.061862,0.0016326,-0.0045622,0.0029094,-0.084401,-8.4172e-05,-0.001791,-0.00032392,0.0032794,0.0025274,-0.0076954,0.0059168,0.04076
0.1,-0.019155,0.12728,0.0078864,0.012819,-0.06968,-0.039409,0.09398,0.02227,0.00061566,-0.045526,0.017936,-0.031697,-0.017492,0.024563,-0.0024254,-0.058378,0.046687,0.0088207,0.0075033,-0.010323,-0.0045531,0.0092126,-0.016651,0.0030224,0.0069727,0.012374,-0.0028985,-0.030147,0.0015787,-0.009512,-0.0090507,0.034229,0.024293,0.0087473,-0.0069395,-0.0099355,0.0062895,0.014184,-0.0025146,0.0081848,0.0062688,0.0030788,3.7297e-17,1.8892e-16,-3.4716e-16,-2.2551e-16,-1.4508e-17,-1.6973e-16,9.6538e-17,-0.0084667,-0.0069456,0.0027664,0.084063,0.047872,0.2224,0.11401,-0.12448,-0.22295,-0.045139,0.017932,-0.027547,0.016958,0.0006881,-0.0077605,0.040204,-0.15651,0.24806,-0.1383,0.017368,0.29259,-0.26363,0.16206,-0.35425,0.22305,-0.028024,-0.012147,-0.11505,-0.0018272,0.071388,0.20015,-0.028996,-0.21766,0.018371,0.10236,0.36233,0.13712,0.050737,0.04954,-0.21259,-0.044814,0.031466,-0.027601,-0.030913,0.055865,-0.051901,-0.033145,0.083954,0.00083313,0.040482
0.1,0.025854,-0.024115,-0.061207,-0.21733,-0.0068543,-0.0059175,0.019509,0.16975,0.058816,0.095288,-0.032644,-0.034484,-0.091543,0.075877,-0.022718,-0.018249,0.014409,0.035277,0.032076,-0.07252,0.070406,-0.021644,0.072757,-0.018986,0.026435,0.024221,0.026964,0.046623,-0.093694,0.027351,0.0047434,-0.062389,-0.048186,-0.074142,0.0093663,-0.011167,-0.021231,0.012331,0.0032928,0.0069256,0.0018041,0.0003045,-1.3618e-16,1.7954e-16,2.2657e-16,2.4286e-17,-4.6363e-17,1.8979e-16,-3.1096e-17,-0.0073943,0.014224,-0.0082659,-0.0090825,-0.0095329,0.0011963,-0.086471,-0.021664,0.052242,0.038153,0.19391,-0.11285,-0.023619,-0.039477,-0.0083652,0.012098,0.03538,-0.0058194,-0.041715,0.11234,-0.016537,-0.014236,0.18261,0.19326,0.033421,0.06106,0.12442,-0.12998,0.22199,0.6499,-0.012706,0.0030909,0.0041105,-0.054408,-0.15116,0.041666,0.17986,-0.19893,-0.20109,0.085238,-0.10238,-0.027796,0.0048405,0.010904,-0.056867,-0.017655,-0.097899,-0.025735,0.0058458,0.00024532
0.1,-0.0027497,-0.16373,-0.062593,0.15813,0.032607,0.18717,0.2284,0.015748,0.1276,0.038335,-0.0029592,-0.040698,0.14834,0.11429,-0.078607,0.03283,0.0034227,-0.096217,-0.03035,-0.048435,0.02634,-0.0013589,0.0056094,-0.0050806,0.0046594,-0.056222,0.062402,-0.034776,-0.03162,0.061114,-0.017085,0.0034922,0.027936,0.0023258,0.0036261,-0.011626,-0.0008504,-0.019923,-0.0050156,-0.0017084,-0.015206,0.0069033,-3.9552e-16,-3.4532e-16,-1.7107e-16,2.3592e-16,-1.5976e-16,5.5945e-17,-2.6186e-16,0.014404,-0.010738,-0.0062146,-0.0083982,-0.0035594,-0.010476,0.021311,0.031868,-0.034034,0.10947,0.023077,0.056421,-0.069238,-0.058203,-0.079821,0.36644,0.041403,-0.03067,0.067516,0.11943,0.11669,0.067314,-0.067334,-0.0069972,-0.022383,-0.33989,-0.58601,0.18102,0.10364,0.15109,0.0016002,0.013501,0.0060468,-0.015064,0.013318,0.0036648,-0.0034893,-0.0089807,0.019984,0.0025468,0.014597,0.010656,0.0064034,-0.11324,-0.010853,0.058934,-0.0026317,0.0075409,-0.0093493,-0.0011832
0.1,-0.16275,0.058703,0.021424,-0.017394,-0.25889,0.0012668,0.011304,-0.064557,-0.00017962,0.034187,0.060773,0.026469,0.031014,-0.057587,-0.053593,0.0070985,-0.12314,-0.070012,0.076136,-0.0064383,0.048446,-0.029881,-0.0020289,0.028117,0.079345,-0.05562,-7.1594e-05,0.12809,0.033877,0.016898,-0.084149,-0.011428,-0.01031,0.0054217,-0.031859,-0.0026633,-0.0063611,-0.0085274,0.0026298,-0.00016933,0.0014512,4.181e-05,-3.4694e-18,5.408e-16,-1.7932e-16,1.9429e-16,3.0791e-16,-1.1146e-16,-4.5082e-16,0.024759,0.018264,-0.0071996,0.0023478,0.11823,0.097488,0.062293,-0.12409,-0.056245,0.011401,0.041753,0.0083414,-0.0079874,-0.0062372,0.0052352,-0.02976,0.084847,-0.30579,0.0026587,-0.039124,-0.016981,0.026931,-0.010177,0.099982,0.055264,-0.013812,-0.037295,-0.00049409,-0.15592,-0.017708,-0.089885,-0.57724,0.12874,-0.36164,-0.23301,0.24426,-0.0046803,0.061259,0.090965,-0.030494,-0.012636,-0.016478,0.027861,0.0018575,-0.0066425,-0.0044977,0.0058241,0.0052206,-0.011593,0.00050605
0.1,-0.05125,-0.0069448,-0.054862,0.026367,0.046153,-0.0052415,-0.13242,-0.096074,0.097347,-0.10444,-0.046556,-0.062407,0.0058679,0.005399,0.024138,0.077866,0.17458,0.04808,0.064086,-0.061418,0.0023226,-0.0081362,0.0017004,-0.0080377,0.10268,-0.0086082,0.010977,0.020098,0.030233,0.0066437,-0.018342,-0.019543,0.012797,-0.0028814,8.397e-05,0.00060551,-0.023454,-0.013448,-0.031459,-0.0029072,0.0061921,-0.0039147,7.1124e-17,4.6772e-16,-1.0418e-16,-3.0358e-18,4.1037e-17,3.9107e-16,4.3758e-16,-0.0098917,0.0010811,-0.0057085,0.0016095,0.0054832,-0.027865,-0.019679,-0.070941,0.023802,-0.0024491,-0.01337,-0.0049143,0.01931,0.0071672,0.012034,-0.0096621,-0.012617,0.029922,-0.031654,0.032149,0.10741,-0.11731,-0.18496,0.14549,0.0069164,-0.0082445,-0.022987,-0.037802,-0.057564,0.0042293,0.047404,-0.20717,-0.084975,0.63885,-0.47776,-0.018189,0.080282,0.034996,0.11767,0.049269,0.12874,0.0050908,0.071544,-0.12214,0.0096502,-0.12561,0.012782,-0.037083,0.010712,0.042157
0.1,0.083424,-0.040834,-0.079134,0.053698,-0.040425,0.18598,0.061446,-0.013033,-0.0035946,0.0041777,0.015902,0.081449,-0.021091,0.076842,0.11363,-0.00095567,0.023862,0.18195,0.067672,0.18567,0.060776,0.14495,-0.11634,-0.060684,-0.055325,-0.071886,-0.11704,0.27721,0.17946,-0.24962,0.060895,0.12726,0.064773,-0.25344,0.42957,-0.052867,0.063886,-0.019287,0.19979,-0.012411,0.21416,-0.074148,-0.0098994,-0.036409,-0.08371,-0.31708,0.22394,-0.031757,0.016791,-0.010911,0.010038,-0.0045258,-0.017323,-0.091876,0.021093,0.00065487,-0.035151,0.014673,-0.018607,0.0022853,-0.018127,-0.0024644,0.055466,-0.0083666,-0.0026168,0.020016,-0.022408,0.013347,-0.027729,0.0019868,0.03743,0.011178,0.046268,0.090388,0.014238,0.016088,0.0070735,0.043082,-0.011035,-0.041252,-0.00068577,-0.060231,0.012533,0.040229,0.06674,-0.0054336,0.039326,-0.029585,0.064724,0.079945,-0.010501,0.032973,-0.06597,-0.030105,0.061273,-0.010491,0.01037,-0.0086886,0.00054057
0.1,-0.08273,0.17161,0.10002,0.060216,-0.047438,-0.05383,0.14214,0.049165,0.017611,-0.064292,-0.012263,-0.031241,-0.040567,0.046911,0.040126,0.014639,0.063554,0.043669,-0.050103,0.010455,-0.018889,0.001115,0.017694,-0.027856,-0.038666,0.027867,-0.0082592,-0.022739,-0.012135,-0.0047863,0.041168,-0.0057619,0.0064043,0.0029513,0.0099057,-0.013911,0.0041486,0.0019991,-0.0097245,-0.0038394,-0.0010676,-0.0067271,-2.6064e-16,1.0316e-16,-4.1343e-16,-3.1745e-16,-1.9125e-16,2.5023e-16,-9.3017e-17,-0.17116,-0.14974,-0.030864,0.096791,-0.036099,-0.10484,-0.047446,0.094085,-0.23358,-0.095302,0.039414,-0.023019,0.018769,-0.0033938,-0.0042662,0.018078,-0.11489,0.0086346,-0.10113,0.04027,0.17767,-0.17584,0.14524,-0.11104,0.21406,0.0286,-0.014595,0.053964,-0.0078139,0.0025796,-0.57134,-0.031421,0.34508,0.068191,-0.055428,-0.21619,-0.19646,-0.033504,-0.074986,0.092635,0.015898,0.021239,-0.0059456,-0.0021418,-0.028106,0.019408,0.014006,-0.0056093,0.077305,-0.0066129
0.1,0.004088,0.11173,0.10361,-0.0016813,0.14853,0.03115,-0.011726,0.0016014,0.029804,0.066093,-0.063342,0.048849,0.014284,-0.027255,0.029426,-0.038363,-0.063445,-0.09944,0.011095,-0.034096,-0.0497,0.088008,-0.00090432,0.02787,0.1304,-0.052246,-0.036151,-0.048866,-0.0042315,0.01793,-0.028436,-0.045619,0.018508,-0.064464,0.045916,0.093972,0.039362,0.015023,0.018992,-0.017625,0.021599,-0.034382,2.5847e-16,-8.4958e-16,-2.9972e-16,-1.8475e-15,-8.6202e-16,2.1814e-16,9.9744e-16,-0.30539,0.5082,-0.064393,-0.39626,0.1499,0.080625,-0.075257,0.14067,-0.1034,-0.075309,-0.05946,0.0030574,0.02655,0.023103,-0.0095346,0.040139,-0.35163,-0.063083,0.070862,-0.0425,-0.028173,0.033146,-0.15478,-0.014514,0.012584,-0.020751,-0.018721,-0.18919,0.02343,0.071267,-0.088377,-0.017861,-0.011613,-0.042982,0.047668,-0.10642,0.14359,0.11922,0.054061,-6.6801e-05,0.021253,-0.001388,-0.0051165,-0.0011515,0.0084192,-0.0032647,-0.0006658,0.000635,0.0045223,0.03721
0.1,0.060876,-0.1037,-0.003696,-0.29077,-0.034939,-0.083183,0.074383,0.18981,0.10569,0.053552,-0.049673,-0.022535,-0.098085,-0.010293,-0.02997,0.17535,0.054648,-0.09971,0.039763,0.041104,-0.14632,0.078979,0.077775,-0.1637,-0.0036361,0.0040693,0.052155,0.0086916,0.1381,0.0193,-0.052153,0.062183,-0.017306,-0.0029479,-0.02359,0.011268,-0.0042258,-0.010981,0.020288,0.0017392,-0.0031225,0.0036653,1.5092e-16,-4.9982e-16,5.7581e-17,4.996e-16,5.0264e-16,9.4109e-17,-9.8713e-17,0.018083,0.0097496,-0.0589,0.037445,0.017587,0.1086,-0.29676,-0.024272,0.10976,0.018623,0.54086,-0.30452,-0.079362,-0.039911,-0.023015,0.017767,-0.059893,0.0032312,0.069889,-0.088408,0.0012544,-0.0046356,-0.11168,-0.10388,0.040104,-0.057673,-0.026304,0.033815,-0.0051365,-0.26498,0.03577,-0.012308,0.038138,0.0026964,0.024035,-0.053076,-0.038337,0.023674,0.011268,-0.1502,0.12253,-0.014007,0.008158,0.0044154,9.8943e-05,0.0096753,0.0177,-0.0047614,-0.0013014,-0.0017761
0.1,0.095286,0.10738,0.057597,0.1253,0.077875,-0.073978,-0.0093633,0.008286,0.11901,0.19834,-0.12814,0.11977,0.041203,-0.19026,0.15033,0.073832,-0.22302,0.097478,0.21569,-0.2167,-0.10261,0.13696,-0.20555,-0.058755,-0.0054352,0.2363,0.11445,-0.060495,-0.092362,0.1876,-0.12596,-0.073641,0.24649,-0.18761,-0.007037,0.13908,0.21572,-0.067698,0.020963,-0.064411,0.04337,-0.004111,-2.7756e-17,-1.3251e-15,2.0709e-15,-1.0547e-15,2.0208e-15,-1.4186e-15,1.4302e-15,0.17235,-0.29053,0.063962,-0.13372,-0.13934,0.11668,-0.028189,-0.016786,0.038519,0.003924,-0.010965,0.025682,0.016095,-0.012975,0.0020552,-0.0095282,0.017968,-0.04388,0.066211,0.054957,0.0032271,-0.10305,0.0052439,0.021806,0.050241,0.0068412,-0.0015715,0.017079,-0.029752,-0.0018276,0.010434,0.034978,0.1123,0.0057889,0.026053,-0.020838,0.14813,0.10157,0.029126,0.0075236,-0.017211,-0.063159,0.0011161,-0.0015504,-0.0048519,0.0051252,0.0022539,-0.0057362,0.00015044,-0.0013484
0.1,0.013933,-0.15263,-0.016354,-0.33254,-0.042243,-0.087544,0.11201,0.19495,0.14448,0.027714,-0.051011,-0.028697,-0.11359,-0.11574,-0.042122,0.27782,0.015266,-0.10089,0.0033905,0.066897,-0.28581,0.13103,0.067411,-0.27693,-0.021729,-0.066459,0.049695,-0.045178,0.28857,0.051155,-0.064347,0.16514,-0.057065,0.080061,0.0057563,0.028268,0.078602,-0.00062984,-0.013091,-0.0074811,-0.0029026,0.00062647,-1.4572e-16,-1.1033e-15,7.1697e-17,3.695e-16,3.6017e-16,-3.9031e-18,-3.9505e-16,-0.0047154,-0.010032,0.076457,-0.029422,0.0005713,-0.087723,0.25269,0.0099791,-0.082873,-0.060695,-0.40974,0.21287,0.039296,0.064049,0.019187,-0.028029,0.032501,-0.0074058,-0.031066,0.038182,-0.0014443,0.0052985,0.037647,0.032362,-0.014888,-0.0033125,-0.0079463,-0.001821,-0.0074283,0.056147,-0.0087816,0.00075089,-0.010047,0.00067865,-0.0068931,0.011305,0.0012015,0.01053,-0.0061822,0.024822,-0.02115,0.0041794,-0.017505,0.0096183,-0.021216,-0.010589,-0.071466,-0.022229,0.0043015,-8.6219e-07
0.1,-0.0045132,-0.08794,0.052261,-0.063408,0.055621,-0.18199,0.067008,-0.070236,-0.14879,-0.031978,-0.036265,0.12389,0.16323,0.13898,0.099049,-0.0079166,0.061628,-0.070771,0.10023,0.044171,0.060357,-0.030629,-0.032063,0.045045,-0.0027402,0.058034,0.0003968,0.0099467,-0.0068565,0.07136,-0.020312,0.033016,-0.11581,0.015116,0.055609,0.0070437,0.070171,0.022078,-0.032911,-0.0043318,0.0017338,-0.0021856,-1.7954e-16,-7.4452e-16,-1.7042e-16,-1.5266e-16,-2.1482e-16,4.4203e-16,4.0931e-16,-0.050354,0.01664,0.3019,0.010189,-0.0025795,-0.020565,0.009958,-0.0057943,-0.012491,0.10037,-0.022182,-0.097707,0.12045,0.045299,-0.020592,-0.02244,0.0060429,-0.00092144,-0.0043913,0.0052808,-0.010706,-0.0090415,-0.02267,0.023788,0.035996,-0.6793,0.39069,0.090982,-0.093214,0.033927,-0.039054,0.014928,-0.0072803,-0.0049637,0.015776,0.0002699,0.0034135,-0.0083251,0.011875,0.029985,-0.012407,0.003762,-0.00012521,-0.0029959,0.011207,-0.0036568,0.0063862,0.0026065,-0.00043697,0.039184
0.1,0.18946,-0.015038,0.034865,0.024905,-0.073688,0.060309,-0.038925,-0.049387,-0.059217,-0.26321,-0.10456,0.14564,-0.20618,0.030166,-0.074811,-0.0064266,-0.078326,-0.12739,-0.038607,-0.12478,-0.01954,-0.032481,0.015212,0.026141,-0.031139,0.018921,0.21392,0.054063,-0.042869,-0.04628,0.011563,0.027064,0.022606,0.037122,0.030781,-0.0094129,0.0091588,0.017897,-0.0065675,-0.00094967,0.0024619,-0.00949,-9.3675e-17,-2.5956e-16,-9.9675e-17,-2.2725e-16,-3.1507e-16,1.3531e-16,4.649e-16,0.0028863,-0.00089016,-0.015345,0.090366,0.016505,0.15708,-0.19711,0.078375,-0.078733,0.1006,-0.42891,-0.35543,-0.27622,-0.22695,0.027676,-0.018678,0.041619,-0.023856,-0.02754,-0.012865,0.0010638,0.097926,0.02963,0.11511,0.20271,-0.037436,0.0015249,-0.069015,0.19768,-0.11322,0.080594,-0.013978,0.070302,0.0032042,-0.02783,-0.034379,-0.0096719,0.0055882,0.0039138,0.018638,-0.045098,0.022327,-0.019385,-0.014765,0.032829,-0.025839,-0.027167,0.072459,0.001238,-0.0017825
0.1,-0.15377,-0.030419,0.0039252,-0.10336,-0.23244,-0.012972,0.05276,-0.056578,0.03586,0.0070313,0.074639,0.028195,0.043029,-0.17585,-0.074516,0.042732,-0.246,-0.056198,0.060984,-0.010125,0.049878,-0.065575,-0.084759,0.13423,0.15805,-0.20622,-0.086243,0.27574,-0.025709,0.043212,-0.18842,-0.18219,-0.016847,0.1304,-0.051986,-0.086691,0.059309,0.028693,-0.40043,-0.060601,0.2142,-0.23261,0.042555,-0.063591,-0.21472,-0.059551,0.041887,-0.20416,-0.088465,-0.029545,-0.031098,-0.030086,0.022714,-0.13127,-0.075955,-0.092955,0.10327,0.055637,-0.054825,-0.022096,-0.0084489,-0.010717,0.041079,0.0013154,-4.2308e-06,-0.049189,0.15906,-0.00094495,0.017088,0.0061508,-0.0074772,-0.0016565,-0.045088,-0.019866,-0.017065,-0.0045766,0.0085096,0.035875,-0.011639,0.021659,0.13046,-0.030088,0.078464,0.046113,-0.047978,-0.0052194,0.0035611,-0.020487,0.0046805,0.00086309,0.004536,-0.019964,0.0099174,-0.0205,-0.0092068,-0.070502,-0.023017,0.0049767,-8.8155e-05
0.1,0.0069364,0.0026457,0.034111,0.057822,0.040159,-0.058936,-0.051576,0.11675,-0.054149,0.076778,-0.1371,-0.036253,0.003931,0.026623,-0.09298,-0.051321,0.008853,0.040451,0.14488,-0.12885,0.078173,-0.10434,0.048006,0.20127,-0.14522,-0.15217,-0.099816,-0.057949,0.24843,-0.10124,0.047704,0.12477,0.13756,0.20993,-0.016396,0.076217,0.094659,0.00066001,-0.015695,0.015659,0.078793,-0.15667,0.014406,-0.65963,0.2096,0.059551,-0.042957,0.18502,0.088401,0.037359,-0.013246,-0.03819,-0.040634,-0.021162,-0.023941,-0.016292,-0.0057065,-0.011273,0.015147,0.021997,-0.0034359,-0.00019757,-0.0029153,0.0048776,-0.016717,0.032673,-0.01604,0.058664,0.060758,0.018147,0.0095438,0.00091846,0.0055293,0.0079379,0.010417,0.012766,0.0021954,0.0036461,0.016507,0.019414,0.0057022,0.068948,0.0058555,0.023859,0.020457,0.024218,0.0071549,0.0054363,0.0062922,0.029253,0.12078,0.010401,0.01076,0.0018795,0.0013436,0.0022355,-0.0096353,-0.0030358,0.035813
0.1,0.061978,-0.07545,0.03541,-0.0070181,-0.023636,0.071519,0.077412,0.057145,0.068326,-0.08024,-0.06587,0.16838,0.066377,-0.45251,0.012408,-0.42358,0.23637,0.11314,-0.051517,0.16374,0.024667,-0.18002,0.18313,-0.0022625,-0.031584,0.06924,0.10531,0.029699,0.084797,0.19259,-0.065988,-0.016553,0.012365,0.0017563,0.021968,0.057888,-0.034232,-0.021058,0.018501,-0.00090934,-0.03557,-0.012188,-9.3675e-17,-7.8214e-16,-1.175e-16,-9.0206e-17,-9.895e-16,4.5818e-16,-1.0976e-16,0.013048,-0.010014,-0.016894,0.001941,0.047054,0.033468,-0.065465,-0.0078199,0.019294,-0.10973,-0.055463,-0.099731,-0.061644,0.45807,-0.12225,0.12031,0.056707,-0.026487,0.032614,0.025594,-0.025206,-0.009931,0.015232,0.024892,-0.0046183,0.0061867,-0.0010358,-0.0074134,-0.0043481,0.00048019,0.0019285,0.011411,0.03748,0.0021766,0.0014627,0.0041799,0.0066108,-0.013608,-0.0025105,0.00010436,0.025246,0.0054107,-0.0065404,-0.0021007,0.027946,-0.031844,-0.016619,0.065461,0.0015028,-0.0018615
0.1,-0.030443,-0.014304,0.034013,0.065418,0.13035,-0.10499,0.018781,-0.10889,-0.13001,0.090736,-0.1682,-0.16453,-0.13336,0.020748,-0.48329,-0.12882,-0.0064165,0.075031,0.16818,0.32611,-0.10772,0.013722,-0.19604,-0.13051,0.14473,0.014085,0.08559,0.082353,-0.11272,0.038558,0.15184,-0.017168,-0.025894,0.035709,-0.01382,0.0014172,0.040558,-0.089557,0.0011583,0.0072486,-0.0057342,0.0051187,6.1062e-16,-2.0817e-17,-6.4214e-16,2.2204e-16,5.6975e-16,-2.4069e-16,7.8704e-17,0.023903,-0.020904,-0.0051352,-0.026394,-0.018408,-0.0048283,0.0294,0.070097,-0.055443,0.1703,0.045739,0.01654,-0.11288,0.15669,0.46647,0.043533,0.0052704,-0.0076067,-0.0015845,-0.0034806,0.0082412,-0.019289,-0.017001,0.0097505,0.0030783,0.0028982,0.00063484,0.0080847,0.0097482,0.0050681,-0.0026305,0.00020704,0.0043976,-0.0077694,0.010002,-0.0063572,-0.00098497,-0.0022819,0.00089953,-0.0030431,0.0038997,0.0020215,0.011434,-0.00054967,0.011386,-0.0014477,-0.0017894,-0.0011509,0.0049535,0.035859
0.1,-0.20849,0.038158,0.016946,-0.056208,-0.29547,0.024484,-0.12366,-0.17062,0.10055,0.062243,-0.082511,-0.012866,0.12787,0.028279,-0.042489,-0.094692,-0.25079,-0.1459,0.054238,0.013916,-0.0099682,-0.15747,0.038859,-0.039811,0.026265,0.0012831,-0.020707,0.2243,0.084551,-0.052916,-0.21762,0.10878,-0.034196,-0.095091,-0.060861,-0.010871,-0.0037729,-0.092979,0.40177,0.087949,-0.20813,0.19682,-0.042555,0.063591,0.21472,0.059551,-0.041887,0.20416,0.088465,-0.097215,-0.029632,0.0073381,-0.021911,-0.14207,-0.096485,-0.051051,0.088959,0.044991,0.006849,-0.025693,-0.0091814,0.0084256,0.00094871,-0.0030123,0.014986,-0.030199,0.15185,-0.011756,0.02702,0.006728,-0.020727,0.0051275,-0.010275,-0.020827,0.0042282,0.012226,0.0013911,0.042096,0.018005,0.033745,0.0091611,-0.019082,0.1454,0.1716,-0.078338,0.010005,-0.051937,-0.021531,0.0063526,-0.0083807,-0.0051741,-0.001363,0.0018623,0.0012198,-0.0004061,-0.0021172,-0.00084213,-0.0052191,-0.0015864
0.1,-0.077733,0.0038087,-0.027445,0.042368,-0.14103,0.12642,-0.029854,-0.11412,-0.20851,0.38279,0.12712,0.17606,-0.21421,-0.085614,0.056311,0.17757,0.26607,-0.18522,-0.046382,-0.057025,-0.013107,-0.24453,-0.082703,-0.020752,0.063464,-0.0386,0.016312,-0.058758,-0.041228,0.14192,0.30524,0.14659,0.04646,-0.05362,-0.01014,0.10246,-0.070532,0.085461,-0.0021881,-0.065148,0.014156,0.025015,9.3068e-16,-1.7603e-15,1.2707e-16,-8.6693e-16,1.5626e-15,-3.811e-17,-4.9018e-16,-0.023401,0.025716,-0.022821,-0.013297,-0.3072,0.037963,-0.014061,-0.021848,0.0092061,-0.030677,-0.044375,-0.019977,-0.00089526,0.030718,-0.011847,0.0086779,-0.042424,0.11027,-0.036516,0.03499,-0.072782,0.041225,-0.18431,-0.13159,0.0058784,0.045647,0.06831,0.16713,0.13701,0.082855,-0.0079842,-0.0619,0.024686,-0.021684,-0.013205,0.028132,-0.029518,0.031218,0.059209,0.0042513,0.0098599,-0.010656,-0.0049743,0.018505,0.0033454,-0.0069759,0.00058845,-0.0007715,-0.0044969,-0.0015188
0.1,-0.057179,-0.075047,0.0098639,-0.13795,0.017916,0.036369,0.012215,-0.016847,0.028759,-0.067448,0.053271,-0.013197,0.0060862,-0.14612,-0.032157,0.11251,-0.060268,0.18054,-0.051801,0.02504,0.081634,0.027851,-0.15683,0.20226,-0.040206,-0.11324,0.065635,-0.1857,-0.20463,-0.057252,0.0035072,0.1673,-0.12505,0.00088023,0.0093232,0.028823,0.11522,0.078389,0.15811,0.011748,-0.065968,-0.011427,-0.21025,-0.026871,-0.40413,-0.20075,-0.46977,0.32398,-0.022502,-0.072038,-0.039692,-0.038246,-0.0044224,0.0082628,0.015811,-0.018984,-0.015368,0.02162,-0.021434,0.006688,0.0028697,-0.016754,0.035849,0.0077589,-0.017459,0.0090232,0.032305,0.04364,-0.024216,0.0005797,0.013681,-0.014942,0.00094131,0.018286,-0.019451,-0.018954,0.0032109,-0.0095429,-0.025404,-0.014057,-0.012952,0.0012509,0.0050376,-0.0099574,0.02608,0.017824,-0.0057156,-0.027564,0.023237,0.031048,-0.0015909,-0.079189,0.0070638,0.048962,0.0059059,-0.070424,-0.042331,0.0055901,-0.0021028
0.1,-0.060922,-0.15203,0.013667,-0.11823,0.083087,-0.19562,0.1164,-0.13349,-0.16595,-0.045091,0.044586,0.1387,0.1254,0.090607,0.12284,-0.070596,-0.068865,0.13359,-0.02267,-0.12844,0.0051657,-0.032426,0.016536,-0.13816,0.056696,-0.1321,0.048096,0.0045118,0.012242,0.032676,0.088987,-0.002938,0.012408,0.0096802,-0.018527,0.0099737,0.0131,-0.019212,0.0054449,0.0345,0.00934,-0.0093522,-3.0878e-16,3.8186e-16,3.5176e-17,-6.3491e-16,-5.2568e-16,-2.6867e-16,2.8374e-16,-0.028007,0.0072608,0.14893,-0.0099187,-0.032826,-0.0234,0.08319,0.070945,-0.070577,0.41481,-0.028737,-0.31496,0.42543,0.10789,-0.053722,-0.043028,-0.010783,-0.038654,0.0012625,-0.009209,0.019132,-0.0016007,-0.0086994,-0.024412,-0.02283,0.32609,-0.22505,-0.028511,0.031845,-0.036053,0.013171,-0.0040024,0.00077589,-0.00085424,-0.004274,-0.00080152,-0.010981,0.019891,-0.005013,-0.0084637,-0.00094855,0.00096984,-0.0064955,0.012239,-0.018412,-0.009454,-0.078854,-0.02578,0.0052561,-0.001653
0.1,0.0926,0.1572,-0.21987,-0.073909,-0.0022267,-0.0091275,0.039638,0.026185,-0.0053492,-0.016031,0.078165,-0.036173,0.023507,0.051003,1.7317e-05,-0.067335,-0.013536,0.0046407,-0.028221,0.027447,0.057126,-0.05629,-0.046374,-0.032333,0.062121,0.055164,-0.020958,-0.023881,-0.0039493,-0.013818,-0.026843,0.065087,0.057347,0.055751,0.0012518,0.010843,0.0172,0.010033,-0.0041276,-0.00059093,0.0019412,-0.0052108,6.9389e-18,-3.5518e-16,-2.8836e-16,-4.1763e-16,-1.2612e-16,-1.597e-16,2.8301e-16,0.00076325,-0.017923,0.013366,0.0038722,-0.0069317,0.094896,0.052042,0.047412,-0.053764,-0.046218,-0.029564,-0.0017887,0.011448,-0.0018683,-0.0035902,0.005082,-0.043159,0.046451,-0.025559,-0.044913,0.15491,-0.13468,-0.0055603,-0.1667,-0.11702,-0.029129,0.00023482,-0.030813,-0.042757,-0.015802,0.42689,-0.11283,0.10143,-0.2145,-0.10766,-0.35249,-0.052518,-0.077775,-0.085982,0.46976,0.31196,-0.069447,0.06897,0.059777,-0.051652,0.042539,-0.00042494,0.0012974,-0.00067241,-0.0015393
0.1,-0.12488,-0.011242,-0.044638,-0.019521,-0.036404,0.018737,-0.25865,-0.20178,0.20061,-0.085808,-0.20462,-0.11605,0.097364,0.10834,0.064105,0.0041881,0.18672,0.031829,0.035157,-0.075155,-0.089464,-0.11819,0.04597,-0.11731,0.07683,0.11136,0.0080504,-0.065968,0.073563,-0.086819,0.037563,0.070492,0.09864,-0.14503,0.1622,0.016103,-0.15822,-0.15178,-0.34596,0.011747,0.016915,-0.057857,-0.08787,-0.01177,0.10622,-0.21062,-0.43135,-0.22139,-0.016405,0.031658,0.012881,0.0042653,-0.020814,0.0056272,0.03625,0.027859,0.039287,-0.0218,0.018106,0.017119,0.00019553,-0.010702,-0.008195,-0.0073133,0.003135,0.024808,-0.028989,0.0036166,-0.0034857,-0.04508,0.037651,0.072807,-0.027566,-0.0049517,0.0024824,0.0078394,0.012625,0.013849,0.011991,0.00048611,-0.075807,0.028192,-0.0682,0.22207,-0.026011,-0.0062036,-0.047068,-0.026325,-0.0070682,-0.031405,-0.0082858,-0.0068165,0.016358,-0.00051048,0.011409,-0.0026818,0.0024948,-0.0066825,-0.0031796
0.1,0.11026,0.13007,-0.22987,-0.051512,-0.012328,0.023362,0.021134,0.0044036,-0.058319,-0.11454,0.022418,-0.042076,0.016526,0.036296,-0.031892,-0.073347,0.0090611,-0.020909,-0.091007,-0.026358,0.15598,-0.060101,-0.20117,-0.16822,0.081516,0.10893,-0.30597,-0.089139,0.066922,0.07651,-0.13437,0.17233,0.16564,0.20855,-0.087154,0.18011,0.056225,-0.083579,0.068029,-0.01755,-0.0066743,0.23779,0.18998,-0.047148,-0.087511,-0.059512,-0.027735,-0.068489,-0.53409,-0.032497,0.039078,-0.007257,-0.0055692,-0.012749,-0.073215,-0.052683,-0.034713,0.032726,0.037331,0.00070821,-0.016527,-0.022399,-0.008191,0.0015205,-0.0034471,0.029194,-0.039321,0.021059,-0.0023174,-0.051843,0.061778,0.02057,0.061997,0.028457,0.0099074,0.0059856,0.0093035,0.035823,-0.00080684,-0.11079,0.033729,-0.018415,0.024221,0.048573,0.084797,0.0069546,0.020242,0.0026988,-0.062214,-0.025646,0.0073678,0.0020955,-0.060737,0.0063455,-0.073654,0.010816,-0.024729,0.0014529,-0.0019004
0.1,-0.11816,-0.080609,-0.013719,-0.1304,-0.088171,0.0092748,-0.092133,-0.099525,0.13678,-0.0037494,-0.14615,-0.04613,0.095648,-0.0011813,0.02998,-0.071796,-0.13488,0.0086405,-0.12589,0.024652,-0.12709,-0.11511,-0.038163,-0.026122,-0.15949,0.055532,-0.10658,-0.18853,-0.14547,-0.12144,0.24658,0.034438,0.067499,-0.029908,0.33211,-0.053608,0.17048,0.13951,-0.11403,0.036774,-0.1317,-0.041176,0.14032,-0.015412,-0.23724,0.46815,0.24929,0.048989,-0.088852,0.057409,0.029645,-0.052422,0.0077788,0.036421,0.034019,-0.024073,-0.039717,0.0067673,-0.029444,0.017067,-0.0058291,-0.013485,0.033518,0.004927,-0.020115,0.016385,-0.018536,-0.010319,0.010617,-0.0012665,-0.0064048,-0.0044104,0.020607,-0.0044009,-0.021499,-0.015218,0.0096031,-0.011586,-0.003343,0.011854,-0.12545,0.007785,0.069447,0.12161,-0.028915,0.0029999,-0.02566,-0.0093644,0.00077136,-0.011633,-0.0053928,-0.014371,0.012214,-0.020691,-0.01049,-0.071674,-0.023035,-0.0017635,-0.0016359
0.1,-0.057179,-0.075047,0.0098639,-0.13795,0.017916,0.036369,0.012215,-0.016847,0.028759,-0.067448,0.053271,-0.013197,0.0060862,-0.14612,-0.032157,0.11251,-0.060268,0.18054,-0.051801,0.02504,0.081634,0.027851,-0.15683,0.20226,-0.040206,-0.11324,0.065635,-0.1857,-0.20463,-0.057252,0.0035072,0.1673,-0.12505,0.00088023,0.0093232,0.028823,0.11522,0.078389,0.15811,0.011748,-0.065968,-0.011427,0.12238,0.015101,0.51036,-0.0098733,0.038425,-0.54537,0.0060978,-0.072038,-0.039692,-0.038246,-0.0044224,0.0082628,0.015811,-0.018984,-0.015368,0.02162,-0.021434,0.006688,0.0028697,-0.016754,0.035849,0.0077589,-0.017459,0.0090232,0.032305,0.04364,-0.024216,0.0005797,0.013681,-0.014942,0.00094131,0.018286,-0.019451,-0.018954,0.0032109,-0.0095429,-0.025404,-0.014057,-0.012952,0.0012509,0.0050376,-0.0099574,0.02608,0.017824,-0.0057156,-0.027564,0.023237,0.031048,-0.0015909,-0.079189,0.0070638,0.048962,0.0059059,-0.070424,-0.042331,0.0055901,-0.0021028
0.1,0.088833,0.10015,-0.22691,-0.24416,-0.0077121,-0.013285,0.055552,0.19375,0.054857,0.084648,0.051788,-0.08203,-0.082541,0.16127,-0.03113,-0.11958,0.0012835,0.060077,0.0061045,-0.073021,0.21981,-0.14075,0.050307,-0.11,0.19186,0.18588,0.015632,0.061126,-0.29444,0.044744,-0.085699,0.012734,0.052662,-0.11061,0.074149,-0.0026797,-0.036426,0.26723,-0.018312,0.17631,0.17779,-0.31581,-0.042555,0.063591,0.21472,0.059551,-0.041887,0.20416,0.088465,0.024662,0.0091523,-0.010511,0.0077399,0.021569,-0.10175,0.033143,-0.024063,0.0012699,0.0065549,-0.12764,0.081098,0.0085282,0.028203,0.0075632,-0.01013,0.0043905,-0.021887,0.030141,-0.028861,-0.057632,0.060271,-0.06856,-0.010091,0.027449,-0.010012,-0.038217,0.048415,-0.051473,-0.17382,-0.10034,0.025196,-0.023345,0.057411,0.053372,0.061973,-0.024293,0.051304,0.051525,-0.093383,-0.034132,0.014029,-0.0092148,-0.0082628,0.011525,-0.0024275,0.0079788,0.0019276,-0.0003394,4.9495e-05
0.1,-0.063893,-0.0056803,-0.021055,-0.027073,0.069683,0.045831,-0.1543,-0.1191,0.092592,-0.14951,-0.0051944,-0.083115,0.0078026,-0.036607,0.001968,0.18849,0.26133,0.20373,0.10924,-0.074768,0.11926,0.024764,-0.072699,0.11107,0.19612,-0.057405,0.18026,-0.063137,0.0144,-0.02263,-0.20551,0.20336,-0.093912,-0.11424,-0.16058,0.098534,-0.21348,-0.2129,-0.073819,-0.013279,0.082648,-0.028108,0.08787,0.01177,-0.10622,0.21062,0.43135,0.22139,0.016405,-0.097789,-0.056456,0.018442,-0.033015,-0.022531,0.018042,0.032948,0.063636,-0.006947,0.026115,0.0067402,0.0088943,-0.013971,-0.0058638,-0.0044814,0.0057906,0.017446,0.021852,0.057576,-0.038319,-0.043234,0.057737,0.062276,-0.047232,0.017735,0.0045302,0.004104,0.0062326,0.015892,-0.01007,-0.025424,0.03669,0.021658,-0.13261,0.0905,0.028984,0.0086206,-0.027123,-0.044524,0.015398,0.011276,-0.004484,-0.071634,0.011208,0.069143,0.027805,-0.0014313,-0.016801,0.00067113,-0.0036465
0.1,0.073307,-0.11492,0.098122,-0.12671,0.024322,-0.23481,0.08366,-0.052572,-0.14711,-0.054774,-0.052269,0.16848,0.22982,0.20394,0.15368,0.04661,0.18191,-0.25753,0.20527,0.18837,0.076777,-0.031257,-0.10233,0.21628,-0.027647,0.24839,-0.010591,0.054902,-0.053794,0.059485,-0.10203,0.026539,-0.17748,0.034634,0.0944,0.02126,0.073251,-0.018194,-0.041647,-0.054959,-0.016896,0.038988,6.0021e-16,-1.6296e-15,5.0012e-18,8.4655e-16,1.5495e-15,1.6827e-16,-6.2883e-16,0.093067,-0.045173,-0.41914,-0.090512,-0.013813,-0.076243,0.13934,-0.0070935,0.0030401,-0.096413,-0.029603,0.050759,-0.09717,-0.026824,0.011418,0.011129,0.0088112,-0.0051372,0.0079371,0.011598,-0.0022983,-0.0027173,0.025636,0.012272,0.021201,0.19151,-0.10231,-0.043448,0.084727,-0.0080974,0.03136,-0.012027,0.029999,-0.0082906,-0.016766,-0.031986,0.0028671,-0.014103,-0.030088,-0.11145,0.084479,-0.015936,0.0055742,0.0066486,-0.0093943,0.0063328,0.0020022,-0.0083748,-0.00052165,-0.0031976
0.1,-0.10079,-0.14232,-0.049746,0.12278,0.11134,-0.045512,-0.021706,0.044519,-0.017687,-0.085147,0.11772,-0.33138,-0.28038,-0.11056,0.38504,-0.13975,-0.17389,-0.27468,0.185,0.13998,0.15896,-0.010626,0.011707,-0.091112,-0.12654,-0.083068,0.042098,-0.049088,-0.075458,0.025334,0.016575,0.078295,-0.013871,-0.035849,-0.0067658,0.034348,-0.040169,-0.096921,-0.0466,0.019207,0.010277,-0.0070596,-5.3429e-16,-4.5732e-16,4.9248e-16,-2.3592e-16,-1.1468e-16,2.6867e-16,1.7233e-16,0.0084929,-0.010973,-0.00046599,-0.017826,-0.014849,-0.003376,0.030742,0.074784,-0.071748,0.21869,0.061209,0.087249,-0.22503,0.12312,-0.13559,-0.28896,-0.056787,0.006636,0.022689,0.067907,0.079907,0.029343,-0.033728,0.0065786,-0.010055,-0.0307,-0.039965,0.020525,0.0093904,0.013428,0.0038087,-0.024178,-0.026296,0.016792,-0.0054057,-0.00052755,-0.026014,0.092083,-0.11536,-0.0011556,-0.019295,-0.0028612,0.021244,0.03001,0.016825,-0.0084349,0.0078208,0.00090968,-0.0054871,-0.0013899
0.1,-0.062954,0.15444,0.17118,-0.015778,0.10138,0.072123,0.066831,0.039479,-0.037545,-0.068534,0.046087,-0.055303,0.024644,0.043278,-0.0090907,0.045714,0.015636,-0.0010982,0.0044125,0.013369,-0.036768,-0.11128,0.027785,-0.075796,-0.093365,0.050965,-0.038179,0.030702,0.037173,0.021501,0.043424,-0.053183,0.040833,0.0075176,0.025084,-0.024515,-0.00031286,0.033432,-0.035417,0.0064177,0.010616,-0.016514,-6.6738e-16,8.2662e-16,-4.5828e-16,-3.1008e-16,-8.5913e-16,1.7007e-15,-1.8805e-16,-0.49551,-0.43273,-0.087258,0.14789,0.025951,0.045809,0.034446,-0.083738,0.035118,0.0094885,-0.011048,4.5387e-05,0.0061885,0.0059635,0.001233,0.03669,-0.40042,-0.15259,0.051068,0.07999,-0.15826,0.078757,0.027421,0.22125,-0.12422,0.017204,0.01794,0.13448,0.019943,-0.042027,0.20692,0.005266,-0.098309,-0.025771,0.021384,0.057782,0.057898,-0.005619,0.0055614,-0.020628,0.0044248,0.00035867,-0.0014789,-0.0007407,0.0096784,-0.0048951,-0.0015613,-5.0203e-05,-0.00054442,0.039113
0.1,-0.037394,0.19366,0.10597,0.11473,0.072904,-0.1272,0.14238,0.023495,0.098309,0.039167,-0.21783,0.02916,-0.064055,-0.024698,0.13316,0.16755,-0.045115,0.049072,-0.24303,0.099784,0.11942,-0.064521,0.05668,-0.023165,0.060853,7.7493e-05,0.0032623,0.074318,-0.032083,-0.031637,0.020884,0.0066552,-0.020202,0.027771,-0.0062395,-0.0089872,-0.0012089,-0.034433,-0.00098336,-0.012444,-0.0080416,0.0074298,-2.55e-16,-4.7705e-17,-2.2119e-16,-1.7347e-16,4.8252e-16,-6.0802e-16,-6.7339e-16,-0.037563,-0.003055,-0.046501,0.08808,-0.035271,-0.18604,-0.048506,0.095781,-0.52361,-0.12188,0.12622,-0.049082,0.023586,-0.0083143,0.000294,-0.043278,0.36925,0.061785,0.0074635,-0.033624,-0.072824,0.083716,-0.13657,0.13414,-0.10582,-0.0054911,0.011284,0.013714,0.011845,-0.020808,0.13069,0.0067687,-0.11846,-0.05469,0.027988,-0.022266,0.21723,0.089679,0.045819,-0.016725,-0.0033944,-0.010242,0.0018082,3.2293e-05,0.002798,-0.0019396,-0.0014803,0.0011964,-0.0061792,-0.0028574
0.1,-0.053846,0.035116,-0.1038,0.05895,0.11938,-0.099601,-0.095504,-0.09662,0.14154,-0.037071,0.10475,0.090069,-0.031023,-0.0066251,-0.066301,0.054781,0.094672,-0.0020001,0.035188,-0.017384,-0.067272,0.073737,0.13831,0.0076862,-0.10136,-0.061962,-0.064962,0.11443,-0.11924,0.02723,-0.029705,0.010285,0.014435,0.039254,0.019887,0.049495,-0.0070273,-0.0010361,0.0029255,0.011738,0.0056532,0.018466,5.5338e-16,-2.0578e-16,6.5681e-17,7.8063e-17,6.7844e-17,-3.8901e-16,-6.624e-16,0.009065,0.025035,-0.043212,0.023372,0.0015877,-0.17094,-0.10897,-0.3084,0.04521,0.073246,-0.072467,0.002095,-0.0071056,0.0092895,-0.0077273,0.0088395,-0.035263,0.053968,-0.11095,0.013069,0.27709,-0.34379,-0.41333,0.32877,-0.016872,0.023887,0.015917,-0.047831,0.029176,-0.019857,-0.016371,0.10657,0.039252,-0.24195,0.17345,0.055373,-0.072355,-0.032912,-0.063834,-0.0060947,-0.021262,0.00576,-0.13328,0.018289,-0.075458,0.003543,0.01879,0.01508,-0.016882,-0.0010017
0.1,-0.014122,0.12356,0.17551,-0.10367,0.17336,0.1751,-0.042361,0.028504,-0.017477,0.030943,0.022247,0.034867,0.025227,0.012648,0.031581,-0.10485,-0.029908,-0.13564,-0.010254,-0.038106,-0.071028,0.11306,0.039266,0.013418,0.17925,-0.072139,-0.074562,-0.023233,-0.025597,-0.027939,0.010997,-0.017857,-0.038905,0.025913,0.046959,0.052311,-0.018386,-0.0052126,0.0062701,-0.012749,-0.011069,-0.021583,1.2837e-16,-1.0322e-15,-7.2464e-17,-3.3827e-16,-3.6614e-16,1.9949e-16,6.9482e-16,-0.10718,0.095976,-0.015923,-0.23939,0.05635,0.059796,-0.011311,0.017157,0.083429,0.033677,-0.0021995,0.0036117,-0.014018,-0.0037489,-0.0043587,-0.031041,0.29407,0.076948,-0.14485,0.073691,0.12654,-0.14537,0.21643,0.082302,0.0192,0.080788,0.044199,0.55582,0.0014919,-0.2256,0.065299,0.025094,0.021254,0.0088675,-0.081849,0.090572,0.084154,-0.18843,-0.1376,0.0011675,-0.059887,-0.0019983,0.029661,-0.0011059,-0.024116,0.0019457,0.0010221,-0.0036524,-0.00060972,-0.0012317
0.1,0.024425,0.17639,-0.1744,0.04968,0.17253,-0.14863,-0.036272,-0.081505,0.25135,0.027909,0.14861,0.18765,-0.0073041,-0.018245,-0.042683,0.0015949,-0.045904,-0.081921,0.033856,0.039979,-0.075732,-0.025016,-0.020478,0.071242,-0.082145,-0.091645,0.067585,-0.01895,0.079641,-0.012732,0.062405,-0.078319,-0.087303,-0.057907,-0.0052485,-0.026445,-0.02745,-0.0099696,0.0035818,0.00085807,-0.0026606,0.0051011,3.7817e-16,7.4029e-16,1.1781e-16,4.3021e-16,1.082e-16,1.0625e-16,-4.1544e-16,-0.01897,0.083737,-0.043252,0.05991,-0.0059216,-0.31373,-0.16318,-0.42979,0.01144,0.20073,-0.05828,0.021711,-0.077731,0.040095,0.019288,0.013962,-0.026014,-0.0080284,0.020281,-0.022476,-0.11392,0.18741,0.3265,-0.2673,0.0081033,-0.0056771,-0.0049582,0.063527,-0.0063875,-0.012281,-0.026936,-0.047132,-0.017541,0.02007,-0.038343,-0.1134,0.1845,0.085795,0.039187,0.020145,0.015695,-0.0086929,0.021348,-0.0018864,0.0084323,-4.337e-05,-0.0019349,-0.00060685,0.0007831,-0.0015971
0.1,0.32427,-0.049095,0.25565,0.047724,-0.12667,-0.17504,-0.13347,-0.07189,0.11938,0.13998,0.25979,-0.27317,0.14113,-0.038057,-0.066442,-0.065506,0.11914,-0.041939,-0.2373,-0.08626,0.13695,0.05184,-0.10991,-0.12338,-0.080054,-0.06784,0.067211,0.1322,0.015697,-0.11834,0.038951,-0.039904,-0.059938,-0.044692,-0.022086,0.12799,0.094532,0.04243,-0.051002,0.0014477,-0.036714,-0.018163,-2.1858e-15,-3.3155e-16,1.7493e-16,-4.2848e-16,-8.8975e-16,4.2457e-16,-3.7714e-16,-0.03431,-0.0011394,0.074946,-0.11289,-0.026522,-0.13661,0.19732,-0.033122,0.0051828,-0.066544,-0.0056815,-0.2161,-0.15914,-0.043457,0.00063269,-0.013182,0.03217,-0.056998,0.21366,0.1234,-0.12219,-0.25189,0.018099,-0.067815,-0.042402,-0.0091163,-0.0075774,-0.015696,0.053326,-0.035928,-0.037906,-0.020452,-0.083239,-0.011412,-0.0088379,-0.0082733,-0.0089958,-0.0077828,0.0082859,0.023041,-0.022155,0.013915,0.00036576,0.0009865,-0.001863,0.002016,0.0016576,-0.0041564,-0.00043636,-0.0014202
0.1,0.1467,0.2006,-0.32283,-0.058615,-0.036422,0.029822,0.035476,-0.01073,-0.23819,-0.0088575,0.018212,-0.22106,0.21306,-0.070828,0.070617,0.020622,-0.027733,0.0026156,-0.06709,0.049166,-0.11387,-0.0046564,0.13974,0.020789,0.056612,0.055044,0.092166,-0.011582,-0.080874,-0.089101,-0.028021,0.076446,0.11806,0.18301,-0.015501,0.025388,0.13616,-0.1504,-0.052745,-0.18671,-0.1182,0.056,-0.14742,-0.016444,-0.12721,-3.9416e-05,0.069622,-0.13567,0.44563,-0.06932,0.075617,0.0088018,-0.010181,-0.20675,0.018061,-0.019158,-0.078067,0.016005,0.00057937,0.0011544,-0.015805,-0.021558,0.003066,-0.0017349,-0.004519,0.020072,-0.10967,0.042329,-0.12847,0.072475,0.044419,0.064446,0.06074,-0.13259,-0.010318,0.014691,-0.009156,0.098807,-0.014022,-0.12192,0.022561,-0.0027235,0.065714,0.017543,0.089847,0.015212,0.018571,0.022487,-0.082594,-0.055873,0.0071901,-0.009841,0.0020777,0.0050501,0.0048022,-0.0010362,0.0022504,-6.7346e-05,0.00020083
0.1,-0.10239,0.011156,0.018252,-0.14319,-0.0526,0.13382,-0.19213,-0.11381,0.10602,0.13874,-0.18014,-0.022475,0.013333,0.23114,0.11025,-0.20429,-0.036436,-0.0030793,-0.16156,0.076519,-0.057843,0.10535,0.017405,-0.0079896,-0.21346,0.076316,0.11819,-0.13127,-0.04831,0.10655,0.052322,-0.088887,-0.1215,0.20169,-0.32745,0.083091,0.0096814,0.074692,0.12214,-0.12619,0.29739,-0.060511,-0.0098994,-0.036409,-0.08371,-0.31708,0.22394,-0.031757,0.016791,0.055634,-0.045875,-0.0069264,0.055339,0.055266,-0.016872,0.021308,-0.013916,-0.028467,-0.00044165,-0.041476,0.017957,0.011327,0.0071924,0.0012178,-0.00024561,-0.042107,-0.019615,0.077783,-0.067665,-0.0060352,0.01968,-0.11842,-0.06147,0.019702,-0.00031891,-0.00036913,0.015079,0.00078043,-0.020117,-0.00077895,-0.11518,0.029663,0.064988,0.093203,-0.0082397,0.077974,-0.12147,-0.074677,0.0018336,-0.040876,-0.0079747,0.022896,-0.00021918,-0.015479,-0.0024219,-0.0027475,0.0017318,-0.0061318,-0.0014048
0.1,-0.085736,-0.082848,-0.077829,0.082419,0.060202,0.0031738,-0.14579,-0.029545,0.12709,-0.17054,-0.0058692,-0.16692,-0.038741,-0.023077,0.16936,0.10567,0.24693,0.021065,0.12925,-0.082718,0.0019158,-0.029811,-0.046172,-0.0052656,0.3244,-0.0024393,0.033996,0.13033,0.11317,0.066521,0.14443,-0.34322,0.057439,0.23636,-0.010939,-0.17606,0.30034,0.2958,0.28156,-0.034674,-0.085583,0.049986,7.2858e-16,-8.4655e-16,-6.028e-16,9.8923e-16,-2.5222e-15,-1.4121e-15,-9.1158e-16,0.037632,0.0011715,-0.013132,0.017006,0.017448,0.034334,-0.018699,0.01602,0.015787,-0.10211,-0.014606,-0.041154,0.052127,0.014175,0.04401,-0.051225,0.012444,-0.012704,0.041303,0.036912,6.4446e-05,0.079839,0.056055,-0.057244,-0.010185,-0.02213,-0.029365,0.030314,0.025465,0.0084712,-0.0088437,0.020263,-0.0052293,-0.11816,0.093359,0.003248,-0.037664,0.082564,-0.13535,-0.0081858,-0.036373,-0.0019929,-0.00070718,0.043538,0.009299,0.0026816,0.0082129,0.0046424,-0.0065334,-0.0014959
0.1,-0.064751,0.17607,0.25843,-0.12449,0.2298,0.23826,-0.0048491,0.042914,-0.065678,-0.087019,0.15662,-0.044402,0.082733,0.024153,-0.024149,0.064576,-0.045031,-0.033668,0.040073,0.0010061,-0.052037,-0.16344,0.023252,-0.097366,-0.084442,0.063885,-0.031962,0.083367,0.038714,0.025468,0.030522,-0.064032,0.036187,0.013094,0.015261,-0.017015,0.0025569,0.002207,-0.028104,-0.0022877,0.0045586,-0.0029324,-7.1991e-16,5.1738e-16,-1.9509e-16,-1.6306e-16,8.7061e-17,6.4141e-16,-2.412e-16,-0.16567,-0.12721,-0.037469,-0.067386,0.043288,0.084468,0.0402,-0.080092,0.20672,0.11554,-0.034534,0.030894,-0.030228,0.005735,0.00011137,-0.054045,0.46293,0.11857,0.064269,-0.14215,0.0307,0.05286,-0.1962,-0.24884,0.049507,-0.053279,-0.030276,-0.33918,-0.0094741,0.1165,-0.089502,-0.0062329,0.022485,0.0037807,0.018799,-0.04552,-0.040975,0.051018,0.035392,-0.00088533,0.0046648,0.00093124,0.0050137,0.00066118,-0.0067065,-0.0013768,8.3018e-05,0.0020199,-1.5503e-05,-0.0014279
0.1,0.087761,0.25103,-0.31828,-0.020313,0.14463,-0.13931,0.0031618,-0.054701,0.25239,0.012687,0.25799,0.17586,0.019658,0.041636,-0.058509,-0.091855,-0.087351,-0.11631,0.0089217,0.10924,-0.032069,-0.14684,-0.12747,0.083403,-0.043385,-0.085423,0.12136,-0.11512,0.22825,-0.087783,0.1379,-0.062433,-0.17221,-0.012971,-0.02791,-0.12875,-0.092619,0.00076288,-0.011971,0.0074352,-0.034145,-0.0070635,-1.2074e-15,1.1427e-15,-7.0391e-16,1.3054e-15,-5.0177e-16,4.9266e-16,-6.1432e-16,0.067715,-0.16283,0.061589,-0.094748,0.016838,0.23172,0.10698,0.35736,0.035315,-0.12558,0.068225,-0.014093,0.046445,-0.026076,-0.0099305,-0.011229,0.039041,-0.020698,0.0023651,0.028843,-0.01707,-0.02134,-0.12428,0.16489,0.035762,0.010913,0.0014481,-0.0098504,0.014113,0.0076986,-0.096889,0.036728,-0.018555,0.04151,0.030108,0.092889,-0.02518,-0.0014871,0.0083989,-0.082431,-0.05336,0.011273,-0.011276,-0.0067676,0.00459,-0.0041456,0.00019149,-5.4473e-05,-7.2621e-06,0.00011997
0.1,0.17276,-0.096765,0.011692,0.088432,-0.087405,0.14417,0.055308,-0.038454,0.03526,-0.10074,0.018057,0.13412,-0.12297,0.14754,0.067603,0.05332,-0.084704,0.11094,0.13215,0.21168,-0.11641,-0.11642,0.17642,0.025531,0.10457,0.0055442,-0.14061,-0.040187,-0.019121,-0.28535,0.047022,-0.084975,0.010613,-0.20301,-0.4163,0.31993,0.2043,0.14604,-0.18152,0.0931,-0.16972,0.014813,-6.1166e-15,2.2228e-15,1.3079e-15,-7.7282e-16,-2.2868e-15,-3.1789e-16,-4.122e-15,0.0049747,-0.026851,0.056189,-0.053491,0.0084883,-0.082137,0.12016,-0.034858,0.03412,-0.060529,0.087781,0.034087,0.0435,0.09883,-0.014992,0.0063446,-0.0064704,0.004522,-0.024044,-0.034683,0.02575,0.050719,0.0081374,0.03516,0.11263,-0.0089006,0.02458,-0.025597,0.14436,-0.058411,0.053616,-0.026646,0.010497,-0.0049076,-0.011074,-0.027284,-0.023587,0.041015,-0.018925,0.018472,-0.05182,0.019749,-0.0019075,-0.092633,-0.0041611,0.04529,-0.0094017,0.0053677,-0.0082797,0.00041507
0.1,-0.049224,-0.043571,0.0038798,0.034047,0.10214,-0.073502,0.019785,-0.08613,-0.070518,0.040303,-0.0012252,-0.056251,-0.087667,-0.0035263,-0.097807,-0.039144,-0.020499,0.041593,-0.036416,-0.027539,-0.019487,0.026168,0.070853,0.044141,-0.059761,0.050681,-0.058811,-0.040117,0.097763,-0.1088,-0.31457,0.029665,0.082389,-0.12207,0.052688,-0.041934,-0.25063,0.5584,-0.042469,-0.56259,-0.089812,0.14058,6.0663e-15,-6.4815e-15,2.9901e-15,4.538e-15,1.3282e-14,-3.1168e-15,-9.7219e-16,0.037179,-0.035979,0.011615,-0.038644,-0.028796,-0.0040311,0.026941,0.061136,-0.038551,0.10338,0.022752,0.0071684,-0.033521,0.0355,0.022943,-0.0089074,0.015888,0.00081553,0.015625,0.0060326,-0.015902,0.016315,0.015682,-0.011449,0.0010787,0.0034777,-0.0042191,0.0024829,0.0015643,-0.0063746,-0.0027331,-0.016043,0.0021779,0.0089002,-0.0001756,0.00049298,0.010586,0.003759,-0.015578,0.0060325,0.016845,0.0090934,-0.088617,-0.0021607,-0.052928,-0.011342,0.016819,0.0095028,-0.0052522,0.037826
0.1,0.043653,0.038675,-0.03132,-0.12003,-0.002491,0.19167,-0.065885,-0.030526,-0.033669,0.10495,-0.013674,0.050321,-0.12035,0.19475,0.15251,-0.092675,0.025606,0.16892,-0.087544,0.17859,0.098267,0.36563,-0.12938,0.1491,-0.10339,-0.13153,0.10703,0.20495,0.15463,0.23415,-0.037211,-0.058879,0.14618,0.061993,-0.010419,-0.088445,-0.03437,-0.020633,-0.20407,0.057972,-0.24364,0.072303,0.0098994,0.036409,0.08371,0.31708,-0.22394,0.031757,-0.016791,-0.016426,-0.015614,0.017905,0.026855,-0.10268,-0.01594,0.039524,-0.026978,-0.015687,-0.015132,-0.016704,0.029551,0.0074597,0.012152,-0.00012975,0.0018266,-0.041533,-0.029954,0.089593,-0.094512,-0.0095164,0.064898,-0.095556,-0.03169,0.11886,-0.0014446,-0.009872,-0.0028493,0.037232,-0.061777,-0.055185,0.019474,-0.030136,0.0097191,0.0027568,0.087962,0.07737,-0.075141,-0.069557,0.064488,0.043482,-0.019504,0.048338,0.017298,-0.036849,0.011942,-0.0026229,0.0080471,-0.00052531,0.00034846
0.1,-0.086449,0.017348,-0.086946,0.10124,0.078756,-0.10551,-0.14436,-0.038944,0.11499,-0.051455,0.14284,0.15363,-0.011129,0.0034226,-0.12278,0.096538,0.14679,-0.010952,0.034884,0.0030983,-0.076035,0.19641,0.33219,-0.050773,-0.25582,-0.0908,-0.22348,0.26671,-0.39739,0.10901,-0.047078,0.11966,0.0969,0.15884,0.043752,0.13935,0.056759,0.0065515,0.036594,0.058936,0.017134,0.026737,-2.7756e-16,-1.2659e-15,-2.1152e-16,-8.3137e-16,-1.2852e-15,-7.6328e-16,-1.2589e-15,0.029103,-0.040281,0.01256,-0.037596,-0.020627,0.18026,0.112,0.27121,-0.025318,-0.037129,0.047612,-0.013329,0.015328,0.0046207,0.0051439,-0.006284,0.019752,-0.0091586,0.045936,-0.0049935,-0.12941,0.13922,0.14728,-0.11737,-0.0035705,-0.016382,-0.0016057,0.018792,-0.0060554,0.0097294,0.01671,-0.046586,-0.0080184,0.055107,-0.024651,-0.0032359,0.017107,0.018344,-0.0014939,0.00068838,0.0037216,0.01393,0.0096107,-0.0072489,-0.0034916,0.0074076,0.006026,0.0013242,0.062473,-0.0028684
0.1,-0.095348,-0.167,-0.0051018,-0.089948,0.1401,-0.21919,0.12846,-0.2056,-0.21403,-0.027728,0.11521,0.13646,0.061087,0.10368,0.11411,-0.13669,-0.13309,0.26046,-0.099593,-0.25209,-0.032687,-0.013324,0.099693,-0.28216,0.091998,-0.2141,0.09924,0.021744,0.06556,-0.024973,0.096687,-0.0093927,0.12299,-0.020086,-0.1012,0.011981,-0.068547,-0.053827,0.059489,0.04208,0.0047417,-0.0036564,1.4225e-16,8.0621e-16,3.5666e-16,-2.678e-16,-4.1861e-16,-6.1973e-16,-6.5971e-16,0.046694,-0.0066196,-0.24704,0.0042076,0.012834,0.045021,-0.047454,-0.012766,0.036934,-0.25198,0.043748,0.22439,-0.32545,-0.041588,0.059104,0.022616,-2.7543e-05,0.023507,0.0033854,0.0078258,-0.018311,0.019852,0.021982,-0.0026402,0.0054635,-0.10284,0.066092,0.0029621,-0.016832,0.0013728,-0.0026232,-0.010536,-0.0027336,0.013986,-0.0087149,0.0065716,0.011126,0.0014011,-0.012134,0.0091758,0.0099461,0.0054481,-0.086395,-0.0027642,-0.055926,-0.0077612,0.023509,0.011866,-0.010159,0.00057984
0.1,0.044971,-0.12333,0.042563,-0.16233,-0.035486,-0.088198,0.062867,0.024136,0.04159,-0.050102,-0.0055127,0.022119,0.037195,-0.075368,0.016824,0.090486,0.026304,-0.10185,-0.013006,0.11711,-0.060872,0.012452,-0.12209,0.19369,-0.035561,0.036513,-0.097681,-0.040372,-0.16098,-0.18911,0.11463,-0.25751,0.5307,0.041513,-0.12344,-0.10158,-0.44399,-0.15143,0.22213,0.0097201,0.046119,-0.055632,1.3184e-15,2.8812e-15,-8.5752e-16,-8.3267e-17,-4.3216e-16,-8.6411e-16,3.0716e-15,-0.03167,0.010087,0.15808,-0.049175,0.0064182,-0.070745,0.11594,-0.025213,0.0013248,-0.060394,-0.0365,-0.020906,-0.029081,0.0409,0.0030182,-0.019655,0.010919,-0.011299,0.006216,0.014201,-0.0076791,-0.0029542,0.011261,0.014207,0.031301,-0.042879,0.0014587,-0.0076916,0.049054,-0.015291,0.021783,-0.010675,0.026778,-0.0080961,-0.01545,-0.03121,-0.002594,-0.00072772,-0.032117,-0.10686,0.081263,-0.013235,-0.010928,0.016433,-0.02941,-0.0036695,-0.067509,-0.030774,0.0036658,-0.0017676
0.1,0.034852,0.10071,0.18335,-0.083665,0.14544,0.154,-0.051648,0.048423,-0.021266,0.0059718,-0.0041831,0.077127,0.037627,-0.063669,0.023123,-0.2396,0.005581,-0.25318,-0.018004,-0.098846,-0.1022,0.24852,0.090059,0.059629,0.42658,-0.16315,-0.16295,-0.085412,-0.083983,-0.17286,0.037281,0.12347,-0.11378,0.052739,0.1095,0.025281,-0.075853,-0.033596,0.032057,0.001819,-0.06063,-0.0022302,1.5821e-15,-2.9733e-15,2.2313e-16,1.4502e-15,-3.5345e-16,-8.5262e-16,6.9892e-17,0.30185,-0.25265,0.078021,0.19568,-0.091093,-0.12427,0.037058,-0.030611,-0.068247,-0.034681,0.030352,-0.0018116,0.0077757,-0.01545,0.0090471,0.0083958,-0.15015,-0.056956,0.095673,-0.022237,-0.066924,0.055349,-0.083977,-0.023398,-0.014,-0.022739,-0.010561,-0.15997,-0.0041084,0.062644,-0.013698,0.00068411,0.027176,0.00039172,0.019612,-0.013862,-0.014469,0.032942,0.014922,-1.5144e-05,0.035138,0.0073778,-0.011706,-0.011924,0.026536,-0.027578,-0.02356,0.063755,0.001248,-0.0018002
0.1,-0.0016262,-0.11418,-0.030515,0.15744,0.060294,0.13823,0.21517,0.0030402,0.10417,0.060817,-0.069076,-0.078937,0.18336,0.15323,-0.15126,0.044777,0.016423,-0.16261,-0.020777,-0.06201,0.067501,-0.021525,0.013387,0.019261,-0.018829,-0.17619,0.12956,-0.1432,-0.026232,0.22627,-0.13244,0.041672,0.19132,-0.029781,0.049832,-0.067547,-0.07141,0.14459,-0.092541,0.30803,-0.37299,-0.013395,-0.0098994,-0.036409,-0.08371,-0.31708,0.22394,-0.031757,0.016791,0.041075,-0.020755,-0.035452,-0.015643,0.0060357,-0.01318,-0.026204,-0.022184,0.011803,-0.070751,-0.016601,-0.034328,0.042338,0.043195,0.048321,-0.22222,-0.0013659,0.014652,-0.018574,-0.048969,-0.054161,-0.030133,0.023142,0.0031244,0.010461,0.11064,0.17834,-0.046399,-0.020513,-0.039283,-0.0036882,-0.0076883,0.0034024,-0.001687,0.0066744,-0.0066495,0.0022206,0.00033506,-0.0061301,-0.0021476,0.0046758,0.001968,-0.00221,0.012411,0.0061061,-0.0084077,-7.7736e-05,-0.00092419,0.0051753,0.037355
0.1,0.021763,-0.18555,-0.079743,0.20472,0.012759,0.27004,0.28399,0.02604,0.16628,0.053179,-0.0022803,0.0050008,0.20232,0.15702,-0.067427,0.037916,0.036683,-0.094322,0.011918,-0.019216,0.043531,-0.01429,-0.0015844,-0.12859,-0.0096519,-0.12721,0.077066,-0.032496,-0.10123,-0.066376,-0.024515,-0.04897,-0.067389,0.027941,-0.023759,0.011628,0.046552,-0.17095,0.071898,-0.33678,0.31042,0.043263,0.0098994,0.036409,0.08371,0.31708,-0.22394,0.031757,-0.016791,0.012709,-0.0092103,-0.0090518,0.04206,0.057919,0.02451,-0.046992,-0.02486,0.032231,-0.10901,-0.047145,-0.066352,0.04709,0.093515,0.043178,-0.2182,-0.021613,0.017323,-0.018147,-0.062275,-0.042788,-0.025205,0.013196,-0.008564,0.0012585,0.12204,0.20446,-0.030746,-0.020451,-0.023944,0.00079664,-0.015064,-0.011165,0.0028255,0.0043832,-0.00055504,-0.013276,0.035246,-0.033087,0.00041976,0.0036488,0.0070426,0.0046158,-0.072328,-0.0080969,0.042005,-0.008757,0.0038904,-0.0077021,0.0003997
0.1,-0.15405,0.1999,0.076881,0.033892,-0.27771,-0.068572,0.21216,0.0061885,0.019506,-0.09214,0.087353,-0.05925,-0.058414,0.051576,-0.0027717,-0.096799,0.080355,0.028426,0.08946,-0.062495,-0.079095,0.07393,-0.039382,0.0422,-0.0036099,-0.024066,0.020078,-0.02799,0.00067629,0.0042113,-0.025361,0.001251,-0.011104,-0.0065839,-0.0052012,0.017865,-0.004721,-0.0027191,0.010206,0.0036887,0.00092482,0.0067856,-1.223e-16,2.6942e-16,1.9106e-16,1.6046e-17,2.5197e-16,-3.7232e-16,2.8227e-16,0.1467,0.12437,0.022975,-0.031656,0.13797,0.38663,0.24027,-0.38922,-0.13255,0.075069,0.059442,-0.0099466,-0.015283,-0.01496,0.0033456,0.0020336,0.032857,0.19634,0.11523,0.042926,-0.20479,0.15527,-0.080021,0.16936,-0.12115,0.027085,0.022999,0.065242,0.070849,-0.022316,-0.086176,0.19164,0.05008,0.10311,0.032724,-0.17025,-0.041945,-0.028091,-0.035055,0.054173,0.012062,-0.0020602,-0.00014549,0.003873,-0.0062825,0.0063684,0.0025313,-0.0077264,0.0011167,-0.0016427
0.1,-0.106,-0.062624,-0.018248,0.17063,-0.029298,-0.057882,-0.20331,0.35327,-0.097657,-0.046139,0.072645,0.076678,0.074276,0.088774,0.015705,-0.012084,-0.032404,0.041097,-0.16916,0.074984,-0.18106,-0.057728,-0.13088,-0.0094538,0.055303,-0.018548,0.067766,0.0095942,-0.030579,0.0086271,-0.087896,-0.00081888,-0.012974,-0.034479,0.021678,0.048947,-0.057924,-0.0052231,-0.021089,0.015641,0.012455,0.013721,-0.63123,-0.048246,0.062063,0.1055,0.14352,-0.079383,-0.23947,0.0057038,0.011077,-0.023187,0.00071277,-0.0054038,0.0013789,-0.01435,-0.028368,0.02061,-0.037551,-0.0046311,-0.030281,0.039288,0.0097498,0.034896,-0.045715,0.011763,-0.0064674,0.11293,0.20991,0.17156,0.13218,-0.022271,-0.013058,-0.016558,0.013865,0.040796,-0.010046,0.00012554,-0.015404,0.0010743,-0.018502,-0.018527,-0.0087428,0.0091909,-0.00094104,0.0036336,-0.018525,0.018677,-0.0026187,-0.0014997,-0.0093096,-0.010811,-0.011763,-0.012851,0.0086325,0.0065124,0.0032727,0.063004,-0.0028587
0.1,-0.17757,0.27957,0.14281,0.078895,-0.27613,-0.10809,0.33276,0.054734,0.038083,-0.16707,0.085428,-0.10506,-0.12008,0.12518,0.051225,-0.1148,0.21148,0.1085,0.062319,-0.084309,-0.16888,0.13553,-0.041355,0.030748,-0.091594,0.0089018,0.030761,-0.13635,-0.034555,-0.0019009,0.061299,-0.021285,-0.027019,-0.021847,0.032852,0.032628,-0.0051719,-0.0086031,0.010556,-0.0041943,-0.0067757,0.0037705,1.5959e-16,-7.1839e-16,4.2763e-16,-2.7582e-16,9.3133e-17,-4.2501e-16,2.8271e-16,0.090965,0.062782,0.016259,-0.096756,-0.13345,-0.29838,-0.18562,0.27582,0.3055,0.016445,-0.076778,0.02332,-0.0024427,0.01252,0.00058242,-0.011859,0.046301,-0.11042,-0.0063158,-0.035609,0.011298,0.0083252,-0.025253,-0.022158,-0.030506,-0.01746,-0.0025764,-0.035894,-0.018103,0.0054103,0.15928,-0.036787,-0.087408,-0.036572,0.0046817,0.077049,0.045482,0.01142,0.019751,-0.024702,-0.0045535,-0.0027669,0.00076043,-0.00020239,0.0036521,-0.0025146,-0.0013419,0.0010519,-0.0051449,0.00031578
0.1,-0.074018,0.13204,0.23186,-0.15354,0.22564,0.26085,-0.034482,0.01833,-0.07467,-0.13091,0.22595,-0.062212,0.10106,-0.012771,-0.064249,0.16992,-0.0614,0.0807,0.071223,0.026364,0.025568,-0.25573,-0.031606,-0.080411,-0.2093,0.11234,0.0685,0.10692,0.039977,0.039609,-0.016029,-0.0065622,0.040553,-0.01816,-0.054597,-0.046873,0.021538,-0.025828,-0.00023822,0.0039618,0.0051083,0.035119,6.6353e-16,9.8755e-16,6.3652e-16,5.408e-16,1.9213e-15,-1.4423e-15,-5.7725e-16,0.48157,0.26096,0.083894,0.069477,-0.072057,-0.10091,-0.024694,0.072188,-0.15958,-0.069781,0.023178,-0.016436,0.020741,-0.0048869,0.0030611,0.031961,-0.25095,-0.025901,0.0146,0.036282,-0.011285,-0.011135,0.06663,0.10259,0.0037502,0.018651,0.0063387,0.096979,0.0020813,-0.040845,0.0077415,-0.0094464,-0.0021118,0.0029761,-0.011897,0.034433,0.031754,-0.030094,-0.029757,0.023837,0.031483,-0.0038839,-0.063328,-0.003148,0.07088,0.015686,-0.00040086,-0.019885,0.0013749,-0.0019794
0.1,0.025889,-0.024528,-0.035315,-0.14926,0.0017362,-0.037116,-0.033908,0.29714,0.032946,0.15867,-0.10853,-0.044599,-0.11052,0.1151,-0.080666,-0.075724,0.018635,0.11135,0.16839,-0.2628,0.17742,-0.12436,0.18405,0.13042,-0.059024,-0.050919,0.0032322,0.1171,-0.10322,-0.035019,0.13228,-0.1948,-0.17018,-0.19222,0.024501,-0.044324,-0.033444,-0.23466,0.039056,-0.14716,-0.18437,0.32067,0.042555,-0.063591,-0.21472,-0.059551,0.041887,-0.20416,-0.088465,-0.029786,-0.0011142,0.027102,0.00097609,-0.010046,-0.00093448,0.072638,0.0069419,-0.038268,-0.034087,-0.12993,0.070812,0.02253,0.020521,0.012345,-0.017699,-0.0092964,-0.011036,0.065679,0.010525,0.030595,0.018195,-0.066863,-0.068362,-0.0061476,-0.0128,-0.024062,0.033227,-0.069356,-0.16378,0.025792,0.009581,0.063299,0.022375,0.045609,0.018068,-0.011649,0.045369,0.044072,-0.0063308,0.038873,0.12129,0.011207,0.010313,0.0029654,0.0057244,0.010471,-0.007276,-0.0079813,-0.0015058
0.1,0.077693,0.091332,-0.12532,0.028228,-0.0019294,0.010837,-0.0010975,-0.049154,-0.25945,0.028138,-0.13642,-0.21075,0.18793,-0.12769,0.027126,0.11361,0.0035517,-0.022171,0.004876,0.021159,-0.19022,0.077934,0.23086,0.12025,-0.1069,-0.11866,0.11385,0.0028718,0.00015359,-0.019204,0.0098878,-0.20547,-0.18089,-0.19606,0.00026826,-0.035697,-0.082966,0.11237,0.055269,0.18531,0.13846,-0.066335,0.14742,0.016444,0.12721,3.9416e-05,-0.069622,0.13567,-0.44563,0.028165,-0.016051,-0.011912,-0.032547,-0.21446,0.094273,0.025252,-0.026159,-0.045451,-0.018761,-0.020484,-0.011486,-0.019714,0.0052841,-0.0061815,-0.0076748,0.017715,-0.086516,0.042552,-0.14554,0.13143,-0.01298,0.059362,-0.0021289,-0.1679,-0.015379,0.013446,-0.010328,0.095779,-0.016218,-0.021802,-0.0079335,0.024452,0.015016,0.0047627,0.013648,0.0067476,0.0028212,0.0045109,-0.0052712,0.0019842,0.00067639,-0.0026411,0.0082386,0.004518,0.0062934,-0.0013619,0.0020234,0.0044505,0.037451
0.1,-0.027607,0.15476,0.10556,0.12106,0.094516,-0.13936,0.13438,0.010701,0.074115,0.061705,-0.31352,0.0021654,-0.074327,-0.023429,0.13914,0.23301,-0.054906,0.056052,-0.35754,0.17812,0.22792,-0.1356,0.11077,-0.019504,0.10292,-0.044358,-0.024374,0.15002,-0.027629,-0.080389,0.014801,0.056597,-0.085408,0.12326,-0.019061,-0.045775,-0.074649,-0.028783,-0.0040945,0.0092331,-0.032919,0.020494,-5.8634e-16,-2.2161e-16,-2.8292e-16,9.1985e-16,1.4203e-17,-5.7072e-16,-7.762e-16,0.23435,-0.039765,0.047569,-0.15896,0.047579,0.17273,0.041006,-0.081916,0.4203,0.11728,-0.096711,0.040304,-0.022705,0.0091641,-0.0023615,0.019367,-0.1864,-0.035152,0.0083306,0.01654,0.024771,-0.036771,0.049953,-0.050495,0.037857,0.0057933,-0.004776,0.0039764,0.0058489,0.0078402,-0.03496,-0.0061425,0.030943,0.006773,0.0036491,-0.0014794,-0.039887,-0.017957,-0.010767,0.001095,0.0076059,0.004983,-0.0016364,-0.00083097,0.0046563,-0.0024693,-0.00017117,-0.00042374,0.0049673,0.037419
0.1,-0.13437,0.0017182,0.011182,0.065195,-0.12194,-0.0093272,-0.11363,0.068768,-0.06549,-0.025771,0.11987,0.12323,0.086702,-0.04738,-0.16455,0.12432,-0.1222,-0.0026763,0.050251,0.12775,0.39881,0.28115,0.26142,-0.13794,0.068505,0.21713,0.14892,-0.28302,0.14715,-0.07369,0.14742,-0.18756,0.051072,0.08027,0.14104,0.12532,-0.045494,0.009702,-0.02966,0.029074,0.019832,0.052558,1.0131e-15,8.5739e-16,-3.6079e-16,-3.5996e-16,1.4674e-15,7.7195e-16,-1.1412e-15,-0.01011,-0.010503,-0.04778,-0.01451,-0.083134,-0.054963,-0.016653,0.04316,0.050243,0.034443,-0.034195,-0.014899,0.01683,0.016518,0.00017326,0.018175,-0.047624,0.33045,0.18197,-0.080918,0.011816,0.0090142,0.054992,0.10773,-0.0031714,-0.0090884,-0.0079913,0.006285,-0.036002,0.0049737,0.0034686,-0.071333,0.011578,-0.030433,-0.0073664,0.013874,-0.0057112,0.019106,0.0018948,-0.0078969,-0.008419,0.012409,0.0052619,-0.003899,-0.019794,0.0049339,0.006958,0.0041952,0.056852,-0.0027056
0.1,0.31664,-0.050048,0.16077,0.077818,-0.13839,-0.028106,-0.091215,-0.10392,0.056133,-0.02557,0.14102,-0.053848,-0.11932,0.15416,0.014835,0.069772,-0.18524,0.17664,0.037715,0.1033,-0.12251,-0.15702,0.23333,0.0975,0.15164,-0.038295,-0.12851,-0.23172,-0.0031197,0.36241,-0.053087,0.031167,-0.037347,0.10549,0.19378,-0.20629,-0.1008,-0.11274,0.1058,-0.06275,0.11009,0.0062905,5.8373e-15,-1.1709e-15,-9.0202e-16,4.8616e-16,1.8833e-15,-6.9823e-16,1.785e-15,-0.0089282,0.035275,-0.029164,0.010932,-0.072469,0.025232,-0.038915,-0.017628,-0.016633,0.031609,0.06342,0.17141,0.11217,0.035282,0.00033004,-0.0108,0.03676,-0.042109,0.12964,0.077686,-0.0809,-0.1406,0.045231,0.012232,0.095504,-0.040806,0.0022765,-0.06675,0.20407,-0.10734,0.025141,-0.034376,-0.040569,-0.017185,-0.029368,-0.042229,-0.017033,-0.0040355,0.010282,0.018392,-0.058319,0.023346,-0.0073122,-0.0068577,0.0051229,-0.0027843,-0.00063622,0.0014895,-0.00035237,-0.0014985
0.1,0.0090992,-0.062816,-0.065741,-0.078326,-0.023007,0.017332,0.026049,-0.014231,-0.016787,-0.1269,-0.061008,-0.0026142,-0.006591,-0.13118,-0.032939,0.05355,-0.03609,0.021279,-0.10589,-0.070519,0.023903,0.029953,-0.19363,-0.024956,-0.066922,-0.096227,-0.33748,-0.093489,-0.049033,0.10954,0.10762,-0.26305,-0.12161,-0.02896,0.074594,0.025919,0.017604,-0.072882,-0.29954,-0.056991,0.046493,0.3379,-0.09501,0.090773,0.34574,-0.19797,0.14017,0.37656,0.19372,0.032881,0.0088237,-0.024636,0.026385,0.0017809,0.054545,-0.035573,-0.0031074,-0.0034271,-0.045792,-0.011922,-0.020341,-0.030691,0.027359,0.0038766,-0.018003,0.0035324,-0.019964,0.0098541,-0.021198,0.011755,0.010692,0.01282,-0.0084402,-0.011686,-0.020622,-0.0099529,0.0083863,0.014641,-0.021632,-0.0074961,0.0057483,0.0024102,-0.02032,0.024435,0.015239,-0.0091769,0.020741,-0.016893,0.016377,0.023964,-0.00049258,-0.0057801,-0.043614,-0.020346,-0.07915,-0.059248,-0.047231,0.0056249,-0.002028
0.1,-0.106,-0.062624,-0.018248,0.17063,-0.029298,-0.057882,-0.20331,0.35327,-0.097657,-0.046139,0.072645,0.076678,0.074276,0.088774,0.015705,-0.012084,-0.032404,0.041097,-0.16916,0.074984,-0.18106,-0.057728,-0.13088,-0.0094538,0.055303,-0.018548,0.067766,0.0095942,-0.030579,0.0086271,-0.087896,-0.00081888,-0.012974,-0.034479,0.021678,0.048947,-0.057924,-0.0052231,-0.021089,0.015641,0.012455,0.013721,0.63123,0.048246,-0.062063,-0.1055,-0.14352,0.079383,0.23947,0.0057038,0.011077,-0.023187,0.00071277,-0.0054038,0.0013789,-0.01435,-0.028368,0.02061,-0.037551,-0.0046311,-0.030281,0.039288,0.0097498,0.034896,-0.045715,0.011763,-0.0064674,0.11293,0.20991,0.17156,0.13218,-0.022271,-0.013058,-0.016558,0.013865,0.040796,-0.010046,0.00012554,-0.015404,0.0010743,-0.018502,-0.018527,-0.0087428,0.0091909,-0.00094104,0.0036336,-0.018525,0.018677,-0.0026187,-0.0014997,-0.0093096,-0.010811,-0.011763,-0.012851,0.0086325,0.0065124,0.0032727,0.063004,-0.0028587
0.1,0.1829,0.00046049,-0.024226,0.031329,-0.073017,0.084677,-0.052653,-0.070323,-0.11359,-0.37854,-0.18546,0.16901,-0.26213,0.0098109,-0.13451,0.011757,-0.086153,-0.21961,-0.10745,-0.27297,0.023846,-0.017101,-0.083737,-0.042881,-0.12054,0.024066,0.30538,0.12036,-0.05044,-0.030818,0.014566,-0.0070875,-0.03408,0.096513,0.11905,0.012958,-0.016427,0.010389,0.014511,-0.027535,0.018043,-0.037647,-6.2103e-16,-6.4814e-16,-1.1784e-16,-9.0206e-16,-4.0159e-16,9.0639e-16,1.3257e-15,-0.040393,-0.0030633,0.051911,-0.13405,-0.043452,-0.13906,0.18716,-0.06365,0.05356,-0.081994,0.31086,0.23364,0.17917,0.14535,-0.018259,0.010563,-0.018655,-0.0014484,0.021947,-0.016034,0.012234,-0.032363,0.0069434,-0.045069,-0.076527,0.012512,0.00559,0.020806,-0.033225,0.025899,-0.026904,0.011033,-0.011529,-0.022258,0.03211,0.021371,-0.0012194,0.0047857,-0.013436,0.013691,0.032503,-0.0058724,0.013126,-0.052023,-0.0026265,-0.066983,0.012986,-0.030342,0.0013276,-0.0018911
0.1,-0.0006254,-0.0013508,0.038515,0.055061,-0.024412,-0.018175,-0.066528,0.076833,-0.033564,-0.038938,-0.0058212,0.085714,0.033529,-0.067902,-0.052045,-0.073113,0.057199,-0.056982,-0.0226,-0.0058505,0.060132,0.10756,0.083643,-0.036381,0.0020131,0.060057,-0.023268,-0.063822,-0.04462,-0.061499,0.062746,0.27887,0.1238,-0.18036,-0.31355,-0.67547,0.21052,0.047622,-0.13305,0.088902,0.21359,0.22512,3.4365e-15,4.7945e-15,2.2794e-15,1.6896e-15,5.4644e-15,2.4611e-17,-5.4623e-15,-0.033955,0.0064641,-0.031283,-0.16281,-0.03582,-0.061698,0.033269,-0.031588,0.013772,0.015093,0.019974,-0.011104,0.0083015,-0.0070493,0.0065451,-0.010979,0.015676,0.0044066,0.027003,0.009904,-0.028228,-0.0034008,-0.012943,0.015406,-0.016806,-0.0062996,0.0062641,0.011776,-0.0013565,0.0050871,0.014865,-0.015673,0.032541,0.0057359,0.01385,0.012,0.0048887,0.010247,-0.022726,-0.00015581,0.025645,0.021851,-0.015032,-0.017164,0.012469,-0.019635,-0.015926,0.065981,0.062574,-0.004754
0.1,0.0069364,0.0026457,0.034111,0.057822,0.040159,-0.058936,-0.051576,0.11675,-0.054149,0.076778,-0.1371,-0.036253,0.003931,0.026623,-0.09298,-0.051321,0.008853,0.040451,0.14488,-0.12885,0.078173,-0.10434,0.048006,0.20127,-0.14522,-0.15217,-0.099816,-0.057949,0.24843,-0.10124,0.047704,0.12477,0.13756,0.20993,-0.016396,0.076217,0.094659,0.00066001,-0.015695,0.015659,0.078793,-0.15667,-0.056962,0.72322,0.0051263,0,0.0010699,0.019142,6.3894e-05,0.037359,-0.013246,-0.03819,-0.040634,-0.021162,-0.023941,-0.016292,-0.0057065,-0.011273,0.015147,0.021997,-0.0034359,-0.00019757,-0.0029153,0.0048776,-0.016717,0.032673,-0.01604,0.058664,0.060758,0.018147,0.0095438,0.00091846,0.0055293,0.0079379,0.010417,0.012766,0.0021954,0.0036461,0.016507,0.019414,0.0057022,0.068948,0.0058555,0.023859,0.020457,0.024218,0.0071549,0.0054363,0.0062922,0.029253,0.12078,0.010401,0.01076,0.0018795,0.0013436,0.0022355,-0.0096353,-0.0030358,0.035813
